Symbol,Name,Exchange,add_to_asset
YTC.VN,Công ty Cổ phần Xuất nhập khẩu Y tế Thành phố Hồ Chí Minh,VnStock,0
YEG.VN,Công ty Cổ phần Tập đoàn Yeah1,VnStock,1
YBM.VN,Công ty Cổ phần Khoáng sản Công nghiệp Yên Bái,VnStock,1
YBC.VN,Công ty Cổ phần Xi măng và Khoáng sản Yên Bái,VnStock,0
XPH.VN,Công ty Cổ phần Xà phòng Hà Nội,VnStock,0
XMP.VN,Công ty Cổ phần Thủy điện Xuân Minh,VnStock,0
XMD.VN,Công ty Cổ phần Xuân Mai - Đạo Tú,VnStock,0
XMC.VN,Công ty cổ phần Đầu tư và Xây dựng Xuân Mai,VnStock,0
XLV.VN,Công ty Cổ phần Xây lắp và Dịch vụ Sông Đà,VnStock,0
XHC.VN,Công ty Cổ phần Xuân Hòa Việt Nam,VnStock,0
XDH.VN,Công ty Cổ phần Đầu tư Xây dựng Dân dụng Hà Nội,VnStock,0
XDC.VN,Công ty Cổ phần Xây dựng Công trình Tân Cảng,VnStock,0
X77.VN,Công ty Cổ phần Thành An 77,VnStock,0
X26.VN,Công ty Cổ phần 26,VnStock,0
X20.VN,Công ty Cổ phần X20,VnStock,0
WTC.VN,Công ty Cổ phần Vận tải thủy - Vinacomin,VnStock,0
WSS.VN,Công ty Cổ phần Chứng khoán Phố Wall,VnStock,0
WSB.VN,Công ty Cổ phần Bia Sài Gòn - Miền Tây,VnStock,0
WCS.VN,Công ty Cổ phần Bến xe Miền Tây,VnStock,0
VXT.VN,Công ty Cổ phần Kho vận và dịch vụ thương mại,VnStock,0
VXP.VN,Công ty Cổ phần Thuốc Thú y Trung ương VETVACO,VnStock,0
VXB.VN,Công ty Cổ phần Vật liệu xây dựng Bến Tre,VnStock,0
VWS.VN,Công ty Cổ phần Nước và Môi trường Việt Nam,VnStock,0
VW3.VN,Công ty Cổ phần VIWASEEN3,VnStock,0
VVS.VN,Công ty Cổ phần Đầu tư Phát triển Máy Việt Nam,VnStock,0
VVN.VN,Tổng Công ty Cổ phần Xây dựng Công nghiệp Việt Nam,VnStock,0
VUA.VN,Công ty Cổ phần Chứng khoán Stanley Brothers,VnStock,0
VTZ.VN,Công ty Cổ phần Sản xuất và Thương mại Nhựa Việt Thành,VnStock,0
VTX.VN,Công ty Cổ phần Vận tải Đa phương thức VIETRANSTIMEX,VnStock,0
VTV.VN,Công ty Cổ phần Năng lượng và Môi trường VICEM,VnStock,0
VTS.VN,Công ty Cổ phần Gạch Ngói Từ Sơn,VnStock,0
VTR.VN,Công ty Cổ phần Du lịch Vietravel,VnStock,0
VTQ.VN,Công ty Cổ phần Việt Trung Quảng Bình,VnStock,0
VTP.VN,Tổng Công ty Cổ phần Bưu chính Viettel,VnStock,1
VTO.VN,Công ty Cổ phần Vận tải Xăng dầu VITACO,VnStock,1
VTM.VN,Công ty Cổ phần Vận tải và Đưa đón thợ mỏ - Vinacomin,VnStock,0
VTL.VN,Công ty Cổ phần Vang Thăng Long,VnStock,0
VTK.VN,Công ty Cổ phần Tư vấn và Dịch vụ Viettel,VnStock,0
VTJ.VN,Công ty Cổ phần Thương mại và Đầu tư VI NA TA BA,VnStock,0
VTI.VN,Công ty Cổ phần Sản xuất - Xuất nhập khẩu Dệt may,VnStock,0
VTH.VN,Công ty Cổ phần Dây cáp điện Việt Thái,VnStock,0
VTG.VN,Công ty Cổ phần Du lịch tỉnh Bà Rịa - Vũng Tàu,VnStock,0
VTE.VN,Công ty Cổ phần VINACAP Kim Long,VnStock,0
VTD.VN,Công ty Cổ phần Vietourist Holdings,VnStock,0
VTC.VN,Công ty Cổ phần Viễn Thông VTC,VnStock,0
VTB.VN,Công ty Cổ phần Viettronics Tân Bình,VnStock,1
VTA.VN,Công ty Cổ phần VITALY,VnStock,0
VST.VN,Công ty Cổ phần Vận tải và Thuê Tàu biển Việt Nam,VnStock,0
VSP.VN,Công ty Cổ phần Vận tải biển và Bất động sản Việt Hải,VnStock,0
VSN.VN,Công ty Cổ phần Việt Nam Kỹ Nghệ Súc Sản,VnStock,0
VSM.VN,Công ty Cổ phần Container Miền Trung,VnStock,0
VSI.VN,Công ty Cổ phần Đầu tư và Xây dựng Cấp thoát nước,VnStock,1
VSH.VN,Công ty Cổ phần Thủy điện Vĩnh Sơn - Sông Hinh,VnStock,1
VSG.VN,Công ty Cổ phần Container Phía Nam,VnStock,0
VSF.VN,Tổng Công ty Lương thực Miền Nam - Công ty Cổ phần,VnStock,0
VSE.VN,Công ty Cổ phần Dịch vụ Đường cao tốc Việt Nam,VnStock,0
VSC.VN,Công ty Cổ phần Container Việt Nam,VnStock,1
VSA.VN,Công ty Cổ phần Đại lý Hàng hải Việt Nam,VnStock,0
VRG.VN,Công ty Cổ phần Phát triển Đô thị và Khu Công nghiệp Cao Su Việt Nam,VnStock,0
VRE.VN,Công ty Cổ phần Vincom Retail,VnStock,1
VRC.VN,Công ty Cổ phần Bất động sản và Đầu tư VRC,VnStock,1
VQC.VN,Công ty Cổ phần Giám định Vinaconmin,VnStock,0
VPW.VN,Công ty Cổ phần Cấp thoát nước số 1 Vĩnh Phúc,VnStock,0
VPS.VN,Công ty Cổ phần Thuốc sát trùng Việt Nam,VnStock,1
VPR.VN,Công ty Cổ phần VINAPRINT,VnStock,0
VPL.VN,Công ty Cổ phần Vinpearl,VnStock,1
VPI.VN,Công ty Cổ phần Phát triển Bất động sản Văn Phú,VnStock,1
VPH.VN,Công ty Cổ phần Vạn Phát Hưng,VnStock,1
VPG.VN,Công ty Cổ phần Đầu tư Thương mại Xuất nhập khẩu Việt Phát,VnStock,1
VPD.VN,Công ty Cổ phần Phát triển Điện lực Việt Nam,VnStock,1
VPC.VN,Công ty Cổ phần Đầu tư và Phát triển Năng lượng Việt Nam,VnStock,0
VPB.VN,Ngân hàng Thương mại Cổ phần Việt Nam Thịnh Vượng,VnStock,1
VPA.VN,Công ty Cổ phần Vận tải Hóa dầu VP,VnStock,0
VOS.VN,Công ty Cổ phần Vận tải Biển Việt Nam,VnStock,1
VOC.VN,Tổng Công ty Công nghiệp Dầu thực vật Việt Nam - Công ty Cổ phần,VnStock,0
VNZ.VN,Công ty Cổ phần Tập đoàn VNG,VnStock,0
VNY.VN,Công ty Cổ phần Thuốc thú y Trung ương I,VnStock,0
VNX.VN,Công ty Cổ phần Quảng cáo và Hội chợ Thương mại Vinexad,VnStock,0
VNT.VN,Công ty Cổ phần Giao nhận Vận tải Ngoại Thương,VnStock,0
VNS.VN,Công ty Cổ phần Ánh Dương Việt Nam,VnStock,1
VNR.VN,Tổng Công ty Cổ phần Tái bảo hiểm Quốc gia Việt Nam,VnStock,0
VNP.VN,Công ty Cổ phần Nhựa Việt Nam,VnStock,0
VNM.VN,Công ty Cổ phần Sữa Việt Nam,VnStock,1
VNL.VN,Công ty Cổ phần Logistics Vinalink,VnStock,1
VNI.VN,Công ty Cổ phần Đầu tư Bất động sản Việt Nam,VnStock,0
VNH.VN,Công ty Cổ phần Đầu tư Việt Việt Nhật,VnStock,0
VNG.VN,Công ty Cổ phần Du Lịch Thành Thành Công,VnStock,1
VNF.VN,Công ty Cổ phần Vinafreight,VnStock,0
VNE.VN,Tổng Công ty Cổ phần Xây dựng điện Việt Nam,VnStock,1
VND.VN,Công ty Cổ phần Chứng khoán VNDIRECT,VnStock,1
VNC.VN,Công ty Cổ phần Tập đoàn Vinacontrol,VnStock,0
VNB.VN,Công ty Cổ phần Sách Việt Nam,VnStock,0
VNA.VN,Công ty Cổ phần Vận tải biển Vinaship,VnStock,0
VMT.VN,Công ty Cổ phần Giao nhận Vận tải Miền Trung,VnStock,0
VMS.VN,Công ty Cổ phần Phát triển Hàng Hải,VnStock,0
VMK.VN,Công ty Cổ phần Vimarko,VnStock,0
VMI.VN,Công ty Cổ phần Khoáng sản và Đầu tư VISACO,VnStock,0
VMG.VN,Công ty Cổ phần Thương mại và Dịch vụ Dầu khí Vũng Tàu,VnStock,0
VMD.VN,Công ty Cổ phần Y Dược phẩm Vimedimex,VnStock,1
VMC.VN,Công ty Cổ phần VIMECO,VnStock,0
VMA.VN,Công ty Cổ phần Công nghiệp Ô tô - Vinacomin,VnStock,0
VLW.VN,Công ty Cổ phần Cấp nước Vĩnh Long,VnStock,0
VLP.VN,Công ty Cổ phần Công trình Công cộng Vĩnh Long,VnStock,0
VLG.VN,Công ty Cổ phần VIMC Logistics,VnStock,0
VLF.VN,Công ty Cổ phần Lương thực Thực phẩm Vĩnh Long,VnStock,0
VLC.VN,Tổng Công ty Chăn nuôi Việt Nam - Công ty Cổ phần,VnStock,0
VLB.VN,Công ty Cổ phần Xây dựng và Sản xuất Vật liệu Xây dựng Biên Hòa,VnStock,0
VLA.VN,Công ty Cổ phần Đầu tư và Phát triển Công nghệ Văn Lang,VnStock,0
VKP.VN,Công ty Cổ phần Nhựa Tân Hóa,VnStock,0
VKD.VN,Công ty Cổ phần Nước khoáng Khánh Hòa,VnStock,0
VKC.VN,Công ty Cổ phần VKC Holdings,VnStock,0
VJC.VN,Công ty Cổ phần Hàng không Vietjet,VnStock,1
VIX.VN,Công ty Cổ phần Chứng khoán VIX,VnStock,1
VIW.VN,Tổng công ty Đầu tư Nước và Môi trường Việt Nam - Công ty Cổ phần,VnStock,0
VIT.VN,Công ty Cổ phần Viglacera Tiên Sơn,VnStock,0
VIS.VN,Công ty Cổ phần Thép Việt Ý,VnStock,0
VIR.VN,Công ty Cổ phần Du lịch Quốc tế Vũng Tàu,VnStock,0
VIP.VN,Công ty Cổ phần Vận tải Xăng dầu VIPCO,VnStock,1
VIN.VN,Công ty Cổ phần Giao nhận Kho vận Ngoại thương Việt Nam,VnStock,0
VIM.VN,Công ty Cổ phần Khoáng sản Viglacera,VnStock,0
VIH.VN,Công ty Cổ phần Viglacera Hà Nội,VnStock,0
VIG.VN,Công ty Cổ phần Chứng khoán Đầu tư Tài chính Việt Nam,VnStock,0
VIF.VN,Tổng Công ty Lâm nghiệp Việt Nam - Công ty Cổ phần,VnStock,0
VIE.VN,Công ty Cổ phần Công nghệ Viễn thông VI TE CO,VnStock,0
VID.VN,Công ty Cổ phần Đầu tư Phát triển Thương mại Viễn Đông,VnStock,1
VIC.VN,Tập đoàn Vingroup - Công ty CP,VnStock,1
VIB.VN,Ngân hàng Thương mại Cổ phần Quốc tế Việt Nam,VnStock,1
VHM.VN,Công ty Cổ phần Vinhomes,VnStock,1
VHL.VN,Công ty Cổ phần Viglacera Hạ Long,VnStock,0
VHI.VN,,VnStock,0
VHH.VN,Công ty Cổ phần Đầu tư Kinh doanh nhà Thành Đạt,VnStock,0
VHG.VN,Công ty Cổ phần Đầu tư và Phát triển Việt Trung Nam,VnStock,0
VHF.VN,Công ty Cổ phần Xây dựng và Chế biến lương thực Vĩnh Hà,VnStock,0
VHE.VN,Công ty Cổ phần Dược liệu và Thực phẩm Việt Nam,VnStock,0
VHD.VN,Công ty Cổ phần Đầu tư phát triển nhà và đô thị VINAHUD,VnStock,0
VHC.VN,Công ty Cổ phần Vĩnh Hoàn,VnStock,1
VGV.VN,Tổng Công ty Tư vấn Xây dựng Việt Nam - CTCP,VnStock,0
VGT.VN,Tập đoàn Dệt May Việt Nam,VnStock,0
VGS.VN,Công ty Cổ phần Ống thép Việt - Đức VG PIPE,VnStock,0
VGR.VN,Công ty Cổ phần Cảng xanh VIP,VnStock,0
VGP.VN,Công ty Cổ phần Cảng Rau Quả,VnStock,0
VGL.VN,Công ty Cổ phần Mạ kẽm công nghiệp Vingal-Vnsteel,VnStock,0
VGI.VN,Tổng Công ty Cổ phần Đầu tư Quốc tế Viettel,VnStock,0
VGG.VN,Tổng Công Ty Cổ phần May Việt Tiến,VnStock,0
VGC.VN,Tổng Công ty Viglacera - Công ty Cổ phần,VnStock,1
VFS.VN,Công ty Cổ phần Chứng khoán Nhất Việt,VnStock,0
VFR.VN,Công ty Cổ phần Vận tải và Thuê tàu,VnStock,0
VFG.VN,Công ty Cổ phần Khử trùng Việt Nam,VnStock,1
VFC.VN,Công ty Cổ phần VINAFCO,VnStock,0
VET.VN,Công ty Cổ phần Thuốc Thú y Trung ương NAVETCO,VnStock,0
VES.VN,Công ty Cổ phần Đầu tư và Xây dựng Điện MÊ CA VNECO,VnStock,0
VEF.VN,Công ty Cổ phần Trung tâm Hội chợ Triển lãm Việt Nam,VnStock,0
VEC.VN,Tổng Công ty Cổ phần Điện tử và Tin học Việt Nam,VnStock,0
VEA.VN,Tổng Công ty Máy động lực và Máy nông nghiệp Việt Nam - CTCP,VnStock,0
VE9.VN,Công ty Cổ phần Đầu tư và Xây dựng VNECO 9,VnStock,0
VE8.VN,Công ty Cổ phần Xây dựng Điện Vneco 8,VnStock,0
VE4.VN,Công ty Cổ phần Xây dựng điện VNECO4,VnStock,0
VE3.VN,Công ty Cổ phần Xây dựng điện VNECO 3,VnStock,0
VE2.VN,Công ty Cổ phần Xây dựng Điện VNECO 2,VnStock,0
VE1.VN,Công ty Cổ phần Xây dựng điện VNECO 1,VnStock,0
VDT.VN,Công ty Cổ phần Lưới thép Bình Tây,VnStock,0
VDS.VN,Công ty Cổ phần Chứng khoán Rồng Việt,VnStock,1
VDP.VN,Công ty Cổ phần Dược phẩm Trung ương VIDIPHA,VnStock,1
VDN.VN,Công ty Cổ phần Vinatex Đà Nẵng,VnStock,0
VDM.VN,Công ty Cổ phần - Viện Nghiên cứu Dệt may,VnStock,0
VDL.VN,Công ty Cổ phần Thực phẩm Lâm Đồng,VnStock,0
VDG.VN,Công ty Cổ phần Vạn Đạt Group,VnStock,0
VDB.VN,Công ty Cổ phần Vận tải và Chế biến Than Đông Bắc,VnStock,0
VCX.VN,Công ty Cổ phần Xi măng Yên Bình,VnStock,0
VCW.VN,Công ty Cổ phần Đầu tư Nước sạch Sông Đà,VnStock,0
VCT.VN,Công ty Cổ phần Tư vấn Xây dựng Vinaconex,VnStock,0
VCS.VN,Công ty Cổ phần VICOSTONE,VnStock,0
VCR.VN,Công ty Cổ phần Đầu tư và Phát triển Du lịch Vinaconex,VnStock,0
VCP.VN,Công ty Cổ phần Xây dựng và Năng lượng VCP,VnStock,0
VCM.VN,Công ty Cổ phần BV Life,VnStock,0
VCI.VN,Công ty Cổ phần Chứng khoán Vietcap,VnStock,1
VCG.VN,Tổng Công ty Cổ phần Xuất nhập khẩu và Xây dựng Việt Nam,VnStock,1
VCF.VN,Công ty Cổ phần VinaCafé Biên Hòa,VnStock,1
VCE.VN,Công ty Cổ phần Xây lắp Môi trường,VnStock,0
VCC.VN,Công ty Cổ phần Vinaconex 25,VnStock,0
VCB.VN,Ngân hàng Thương mại Cổ phần Ngoại thương Việt Nam,VnStock,1
VCA.VN,Công ty Cổ phần Thép VICASA - VNSTEEL,VnStock,1
VC9.VN,Công ty Cổ phần Xây dựng số 9 - VC9,VnStock,0
VC7.VN,Công ty Cổ phần Tập đoàn BGI,VnStock,0
VC6.VN,Công ty cổ phần Xây dựng và Đầu tư Visicons,VnStock,0
VC5.VN,Công ty Cổ phần Xây dựng Số 5,VnStock,0
VC3.VN,Công ty Cổ phần Tập đoàn Nam Mê Kông,VnStock,0
VC2.VN,Công ty Cổ phần Đầu tư và Xây dựng VINA2,VnStock,0
VC1.VN,Công ty Cổ phần Xây dựng số 1,VnStock,0
VBH.VN,Công ty Cổ phần Điện tử Bình Hòa,VnStock,0
VBG.VN,Công ty Cổ phần Địa chất Việt Bắc - TKV,VnStock,0
VBC.VN,"Công ty Cổ phần Nhựa, Bao bì Vinh",VnStock,0
VBB.VN,Ngân hàng Thương mại Cổ phần Việt Nam Thương Tín,VnStock,0
VAV.VN,Công ty Cổ phần VIWACO,VnStock,0
VAT.VN,Công ty Cổ phần VT Vạn Xuân,VnStock,0
VAF.VN,Công ty Cổ phần Phân lân nung chảy Văn Điển,VnStock,1
VAB.VN,Ngân hàng Thương mại Cổ phần Việt Á,VnStock,1
V21.VN,Công ty Cổ phần Vinaconex 21,VnStock,0
V15.VN,Công ty Cổ phần Xây dựng số 15,VnStock,0
V12.VN,Công ty Cổ phần Xây dựng số 12,VnStock,0
V11.VN,Công ty Cổ phần Xây dựng số 11,VnStock,0
UXC.VN,Công ty Cổ phần Chế biến Thủy sản Út Xi,VnStock,0
UTT.VN,Công ty Cổ phần Môi trường Đô thị Thanh Trì,VnStock,0
USD.VN,Công ty Cổ phần Công trình Đô thị Sóc Trăng,VnStock,0
USC.VN,Công ty Cổ phần Khảo sát và Xây dựng - USCO,VnStock,0
UPH.VN,Công ty Cổ phần Dược phẩm TW25,VnStock,0
UPC.VN,Công ty Cổ phần Phát triển Công viên Cây xanh và Đô thị Vũng Tàu,VnStock,0
UNI.VN,Công ty Cổ phần Đầu tư và Phát triển Sao Mai Việt,VnStock,0
UMC.VN,Công ty Cổ phần Công trình đô thị Nam Định,VnStock,0
UIC.VN,Công ty Cổ phần Đầu tư Phát triển Nhà và Đô thị IDICO,VnStock,1
UEM.VN,Công ty Cổ phần Cơ điện Uông Bí - Vinacomin,VnStock,0
UDL.VN,Công ty Cổ phần Đô thị và Môi trường Đắk Lắk,VnStock,0
UDJ.VN,Công ty Cổ phần Phát triển Đô thị,VnStock,0
UDC.VN,Công ty Cổ phần Đầu tư Xây dựng UDCons,VnStock,0
UCT.VN,Công ty Cổ phần Đô thị Cần Thơ,VnStock,0
TYA.VN,Công ty Cổ phần Dây và Cáp điện Taya Việt Nam,VnStock,1
TXM.VN,Công ty Cổ phần VICEM Thạch cao Xi Măng,VnStock,0
TW3.VN,Công ty Cổ phần Dược Trung Ương 3,VnStock,0
TVW.VN,Công ty Cổ phần Cấp thoát nước Trà Vinh,VnStock,0
TVT.VN,Tổng Công ty Việt Thắng - CTCP,VnStock,1
TVS.VN,Công ty Cổ phần Chứng khoán Thiên Việt,VnStock,1
TVP.VN,Công ty Cổ phần Dược phẩm TV.Pharm,VnStock,0
TVN.VN,Tổng Công ty Thép Việt Nam - Công ty Cổ phần,VnStock,0
TVM.VN,Công ty Cổ phần Tư vấn đầu tư Mỏ và công nghiệp - Vinacomin,VnStock,0
TVH.VN,Công ty Cổ phần Tư vấn Xây dựng công trình Hàng hải,VnStock,0
TVG.VN,Công ty Cổ phần Tư vấn Đầu tư và Xây dựng Giao thông Vận tải,VnStock,0
TVD.VN,Công ty Cổ phần Than Vàng Danh - Vinacomin,VnStock,0
TVC.VN,Công ty Cổ phần Tập đoàn Quản lý tài sản T-Corp,VnStock,0
TVB.VN,Công ty Cổ phần Chứng khoán T-Cap,VnStock,1
TVA.VN,Công ty cổ phần Sứ Viglacera Thanh Trì,VnStock,0
TV6.VN,Công ty Cổ phần Tập đoàn EMA LAND,VnStock,0
TV4.VN,Công ty Cổ phần Tư vấn Xây dựng Điện 4,VnStock,0
TV3.VN,Công ty Cổ phần Tư vấn Xây dựng Điện 3,VnStock,0
TV2.VN,Công ty Cổ phần Tư vấn Xây dựng Điện 2,VnStock,1
TV1.VN,Công ty Cổ phần Tư vấn Xây dựng Điện 1,VnStock,0
TUG.VN,Công ty Cổ phần Lai dắt và Vận tải Cảng Hải Phòng,VnStock,0
TTZ.VN,Công ty Cổ phần Đầu tư Xây dựng và Công nghệ Tiến Trung,VnStock,0
TTT.VN,Công ty Cổ phần Du Lịch - Thương Mại Tây Ninh,VnStock,0
TTS.VN,Công ty Cổ phần Cán thép Thái Trung,VnStock,0
TTP.VN,Công ty Cổ phần Bao bì Tân Tiến,VnStock,0
TTN.VN,Công ty Cổ phần Công nghệ & Truyền thông Việt Nam,VnStock,0
TTL.VN,Tổng Công ty Thăng Long - Công ty Cổ phần,VnStock,0
TTH.VN,Công ty Cổ phần Thương mại và Dịch vụ Tiến Thành,VnStock,0
TTG.VN,Công ty Cổ phần May Thanh Trì,VnStock,0
TTF.VN,Công ty Cổ phần Tập đoàn Kỹ nghệ Gỗ Trường Thành,VnStock,1
TTE.VN,Công ty Cổ phần Đầu tư Năng lượng Trường Thịnh,VnStock,1
TTD.VN,Công ty Cổ phần Bệnh viện Tim Tâm Đức,VnStock,0
TTC.VN,Công ty Cổ phần Gạch men Thanh Thanh,VnStock,0
TTB.VN,Công ty Cổ phần TTBGROUP,VnStock,0
TTA.VN,Công ty Cổ phần Đầu tư Xây dựng và Phát triển Trường Thành,VnStock,1
TT6.VN,Công ty Cổ Phần Tập Đoàn Tiến Thịnh,VnStock,0
TST.VN,Công ty Cổ phần Dịch vụ Kỹ thuật Viễn thông,VnStock,0
TSJ.VN,Công ty Cổ phần Du lịch Dịch vụ Hà Nội,VnStock,0
TSG.VN,Công ty Cổ phần Thông tin Tín hiệu Đường sắt Sài Gòn,VnStock,0
TSD.VN,Công ty Cổ phần Du lịch Trường Sơn Coecco,VnStock,0
TSC.VN,Công ty Cổ phần Vật tư Kỹ thuật Nông nghiệp Cần Thơ,VnStock,1
TSB.VN,Công ty Cổ phần Ắc quy Tia Sáng,VnStock,0
TSA.VN,Công ty Cổ Phần Đầu Tư Và Xây Lắp Trường Sơn,VnStock,0
TS5.VN,,VnStock,0
TS4.VN,Công ty Cổ phần Thủy sản số 4,VnStock,0
TS3.VN,Công ty Cổ phần Trường Sơn 532,VnStock,0
TRV.VN,Công ty Cổ Phần Vận tải Đường sắt,VnStock,0
TRT.VN,Công ty Cổ phần RedstarCera,VnStock,0
TRS.VN,Công ty Cổ phần Vận tải và Dịch vụ Hàng Hải,VnStock,0
TRC.VN,Công ty Cổ phần Cao su Tây Ninh,VnStock,1
TRA.VN,Công ty Cổ phần Traphaco,VnStock,1
TR1.VN,Công ty Cổ phần Vận Tải 1 Traco,VnStock,0
TQW.VN,Công ty Cổ phần Cấp thoát nước Tuyên Quang,VnStock,0
TQN.VN,Công ty Cổ phần Thông Quảng Ninh,VnStock,0
TPS.VN,Công ty Cổ phần Bến bãi vận tải Sài Gòn,VnStock,0
TPP.VN,Công ty Cổ phần Tân Phú Việt Nam,VnStock,0
TPH.VN,Công ty Cổ phần In Sách giáo khoa tại Thành phố Hà Nội,VnStock,0
TPC.VN,Công ty Cổ phần Nhựa Tân Đại Hưng,VnStock,0
TPB.VN,Ngân hàng Thương mại Cổ phần Tiên Phong,VnStock,1
TOW.VN,Công ty Cổ phần Cấp nước Trà Nóc - Ô Môn,VnStock,0
TOT.VN,Công ty Cổ phần Transimex Logistics,VnStock,0
TOS.VN,Công ty Cổ phần Dịch vụ biển Tân Cảng,VnStock,0
TOP.VN,Công ty Cổ phần Phân phối Top One,VnStock,0
TNW.VN,Công ty Cổ phần Nước sạch Thái Nguyên,VnStock,0
TNV.VN,Công ty Cổ phần Thống Nhất Hà Nội,VnStock,0
TNT.VN,Công ty Cổ phần Tập đoàn TNT,VnStock,1
TNS.VN,Công ty Cổ phần Thép tấm lá Thống Nhất,VnStock,0
TNP.VN,Công ty Cổ phần Cảng Thị Nại,VnStock,0
TNM.VN,Công ty Cổ phần Xuất nhập khẩu và Xây dựng Công trình,VnStock,0
TNI.VN,Công ty Cổ phần Tập đoàn Thành Nam,VnStock,1
TNH.VN,Công ty Cổ phần Tập đoàn Bệnh viện TNH,VnStock,1
TNG.VN,Công ty Cổ phần Đầu tư và Thương mại TNG,VnStock,0
TNC.VN,Công ty Cổ phần Cao su Thống Nhất,VnStock,1
TNB.VN,Công ty Cổ phần Thép Nhà Bè - VNSTEEL,VnStock,0
TNA.VN,Công ty Cổ phần Thương mại Xuất nhập khẩu Thiên Nam,VnStock,0
TN1.VN,Công ty Cổ phần Rox Key Holdings,VnStock,1
TMX.VN,Công ty Cổ phần VICEM Thương mại Xi măng,VnStock,0
TMW.VN,Công ty Cổ phần Tổng hợp Gỗ Tân Mai,VnStock,0
TMT.VN,Công ty Cổ phần Ô tô TMT,VnStock,1
TMS.VN,Công ty Cổ phần Transimex,VnStock,1
TMP.VN,Công ty Cổ phần Thủy điện Thác Mơ,VnStock,1
TMG.VN,Công ty Cổ phần Kim loại màu Thái Nguyên - Vimico,VnStock,0
TMC.VN,Công ty Cổ phần Thương mại Xuất nhập khẩu Thủ Đức,VnStock,0
TMB.VN,Công ty Cổ phần Kinh doanh Than Miền Bắc - Vinacomin,VnStock,0
TLT.VN,Công ty Cổ phần Viglacera Thăng Long,VnStock,0
TLP.VN,Tổng Công ty Thương mại Xuất nhập khẩu Thanh Lễ - CTCP,VnStock,0
TLI.VN,Công ty Cổ phần May Quốc tế Thắng Lợi,VnStock,0
TLH.VN,Công ty Cổ phần Tập đoàn Thép Tiến Lên,VnStock,1
TLG.VN,Công ty Cổ phần Tập đoàn Thiên Long,VnStock,1
TLD.VN,Công ty Cổ phần Đầu tư Xây dựng và Phát triển Đô thị Thăng Long,VnStock,1
TL4.VN,Tổng Công ty Xây dựng Thủy lợi 4 - Công ty Cổ phần,VnStock,0
TKU.VN,Công ty Cổ phần Công nghiệp Tung Kuang,VnStock,0
TKG.VN,Công ty Cổ phần Sản xuất và Thương mại Tùng Khánh,VnStock,0
TKC.VN,Công ty Cổ phần Xây dựng và Kinh doanh Địa ốc Tân Kỷ,VnStock,0
TKA.VN,Công ty Cổ phần Bao bì Tân Khánh An,VnStock,0
TJC.VN,Công ty Cổ phần Dịch vụ Vận tải và Thương mại,VnStock,0
TIX.VN,Công ty Cổ phần Sản xuất Kinh doanh Xuất nhập khẩu Dịch vụ và Đầu tư Tân Bình,VnStock,1
TIS.VN,Công ty Cổ phần Gang thép Thái Nguyên,VnStock,0
TIP.VN,Công ty Cổ phần Phát triển Khu công nghiệp Tín Nghĩa,VnStock,1
TIN.VN,Công ty Tài chính tổng hợp cổ phần Tín Việt,VnStock,0
TIG.VN,Công ty Cổ phần Tập đoàn Đầu tư Thăng Long,VnStock,0
TIE.VN,Công ty Cổ phần TIE,VnStock,0
TID.VN,Công ty Cổ phần Tổng Công ty Tín Nghĩa,VnStock,0
THW.VN,Công ty Cổ phần Cấp nước Tân Hòa,VnStock,0
THU.VN,Công ty Cổ phần Môi trường và Công trình đô thị Thanh Hóa,VnStock,0
THT.VN,Công ty Cổ phần Than Hà Tu - Vinacomin,VnStock,0
THS.VN,Công ty Cổ phần Thanh Hoa Sông Đà,VnStock,0
THP.VN,Công ty Cổ phần Thủy sản và Thương mại Thuận Phước,VnStock,0
THN.VN,Công ty Cổ phần Cấp nước Thanh Hóa,VnStock,0
THM.VN,Công ty Cổ phần Tứ Hải Hà Nam,VnStock,0
THI.VN,Công ty Cổ phần Thiết bị điện,VnStock,0
THG.VN,Công ty Cổ phần Đầu tư và Xây dựng Tiền Giang,VnStock,1
THD.VN,Công ty Cổ phần Thaiholdings,VnStock,0
THB.VN,Công ty Cổ phần Bia Hà Nội - Thanh Hóa,VnStock,0
TH1.VN,Công ty Cổ phần Xuất nhập khẩu Tổng hợp I Việt Nam,VnStock,0
TGP.VN,Công ty Cổ phần Trường Phú,VnStock,0
TGG.VN,Công ty Cổ phần The Golden Group,VnStock,0
TFC.VN,Công ty Cổ phần Trang,VnStock,0
TET.VN,Công ty Cổ phần Vải sợi May mặc Miền Bắc,VnStock,0
TEL.VN,Công ty Cổ phần Phát triển Công trình Viễn thông,VnStock,0
TEG.VN,Công ty Cổ phần Năng Lượng và Bất động sản Trường Thành,VnStock,1
TED.VN,Tổng Công ty Tư vấn Thiết kế Giao thông Vận tải - CTCP,VnStock,0
TEC.VN,Công ty Cổ phần Traenco,VnStock,0
TDW.VN,Công ty Cổ phần Cấp nước Thủ Đức,VnStock,1
TDT.VN,Công ty Cổ phần Đầu tư và Phát triển TDT,VnStock,0
TDS.VN,Công ty Cổ phần Thép Thủ Đức - VNSTEEL,VnStock,0
TDP.VN,Công ty Cổ phần Thuận Đức,VnStock,1
TDN.VN,Công ty Cổ phần Than Đèo Nai - Vinacomin,VnStock,0
TDM.VN,Công ty Cổ phần Nước Thủ Dầu Một,VnStock,1
TDI.VN,Công ty Cổ phần Tập đoàn TDI ,VnStock,0
TDH.VN,Công ty Cổ phần Phát triển Nhà Thủ Đức,VnStock,1
TDG.VN,Công ty Cổ phần Đầu tư TDG Global,VnStock,1
TDF.VN,Công ty Cổ phần Trung Đô,VnStock,0
TDC.VN,Công ty Cổ phần Kinh doanh và Phát triển Bình Dương,VnStock,1
TDB.VN,Công ty Cổ phần Thủy điện Định Bình,VnStock,0
TD6.VN,Công ty Cổ Phần Than Đèo Nai - Cọc Sáu - TKV,VnStock,0
TCX.VN,Công ty Cổ phần Chứng khoán Kỹ Thương,VnStock,1
TCW.VN,Công ty Cổ phần Kho Vận Tân Cảng,VnStock,0
TCT.VN,Công ty Cổ phần Cáp treo Núi Bà Tây Ninh,VnStock,1
TCR.VN,Công ty Cổ phần Công nghiệp Gốm sứ TAICERA,VnStock,1
TCO.VN,Công ty Cổ phần TCO Holdings,VnStock,1
TCM.VN,Công ty Cổ phần Dệt may - Đầu tư - Thương mại Thành Công,VnStock,1
TCL.VN,Công ty Cổ phần Đại lý Giao nhận Vận tải Xếp dỡ Tân Cảng,VnStock,1
TCK.VN,Tổng Công ty Cơ khí Xây dựng - CTCP,VnStock,0
TCJ.VN,Công ty Cổ phần Tô Châu,VnStock,0
TCI.VN,Công ty Cổ phần Chứng khoán Thành Công,VnStock,1
TCH.VN,Công ty Cổ phần Đầu tư Dịch vụ Tài chính Hoàng Huy,VnStock,1
TCD.VN,Công ty cổ phần Tập đoàn Xây dựng Tracodi,VnStock,1
TCB.VN,Ngân hàng Thương mại Cổ phần Kỹ thương Việt Nam,VnStock,1
TC6.VN,Công ty Cổ phần Than Cọc Sáu - Vinacomin,VnStock,0
TBX.VN,Công ty Cổ phần Xi măng Thái Bình,VnStock,0
TBW.VN,Công ty cổ phần Nước sạch Thái Bình,VnStock,0
TBT.VN,Công ty Cổ phần Xây dựng Công trình Giao thông Bến Tre,VnStock,0
TBR.VN,Công ty Cổ phần Địa ốc Tân Bình,VnStock,0
TBH.VN,Công ty Cổ phần Tổng Bách Hóa,VnStock,0
TBD.VN,Tổng công ty Thiết bị điện Đông Anh - Công ty Cổ phần,VnStock,0
TBC.VN,Công ty Cổ phần Thủy điện Thác Bà,VnStock,1
TB8.VN,Công ty Cổ phần Sản xuất và Kinh doanh Vật tư Thiết bị - VVMI,VnStock,0
TAW.VN,Công ty Cổ phần Cấp nước Trung An,VnStock,0
TAR.VN,Công ty Cổ phần Nông nghiệp Công nghệ cao Trung An,VnStock,0
TAP.VN,Công ty Cổ phần Đô thị Tân An,VnStock,0
TAN.VN,Công ty Cổ phần Cà phê Thuận An,VnStock,0
TAL.VN,Công Ty Cổ Phần Đầu Tư Bất Động Sản Taseco,VnStock,1
TAG.VN,Công ty Cổ phần Thế giới số Trần Anh,VnStock,0
TAC.VN,Công ty Cổ phần Dầu Thực vật Tường An,VnStock,0
TAB.VN,Công ty Cổ phần Freco Việt Nam,VnStock,0
TA9.VN,Công ty Cổ phần Xây lắp Thành An 96,VnStock,0
TA6.VN,Công ty Cổ phần Đầu tư và Xây lắp Thành An 665,VnStock,0
TA3.VN,Công ty cổ phần Đầu tư và Xây lắp Thành An 386,VnStock,0
T12.VN,,VnStock,0
SZL.VN,Công ty Cổ phần Sonadezi Long Thành,VnStock,1
SZG.VN,Công ty Cổ phần Sonadezi Giang Điền,VnStock,0
SZE.VN,Công ty Cổ phần Môi trường Sonadezi,VnStock,0
SZC.VN,Công ty Cổ phần Sonadezi Châu Đức,VnStock,1
SZB.VN,Công ty Cổ phần Sonadezi Long Bình,VnStock,0
SWC.VN,Tổng Công ty Cổ phần Đường Sông Miền Nam,VnStock,0
SVT.VN,Công ty Cổ phần Công nghệ Sài Gòn Viễn Đông,VnStock,1
SVN.VN,Công ty Cổ phần Tập đoàn Vexilla Việt Nam,VnStock,0
SVL.VN,,VnStock,0
SVI.VN,Công ty Cổ phần Bao bì Biên Hòa,VnStock,1
SVH.VN,Công ty Cổ phần Thủy điện Sông Vàng,VnStock,0
SVG.VN,Công ty Cổ phần Hơi kỹ nghệ Que hàn,VnStock,0
SVD.VN,Công ty Cổ phần Đầu tư & Thương mại Vũ Đăng,VnStock,1
SVC.VN,Công ty Cổ phần Dịch vụ tổng hợp Sài Gòn,VnStock,1
STW.VN,Công ty Cổ phần Cấp nước Sóc Trăng,VnStock,0
STT.VN,Công ty Cổ phần Vận chuyển Sài Gòn Tourist,VnStock,0
STS.VN,Công ty Cổ phần Dịch vụ vận tải Sài Gòn,VnStock,0
STP.VN,Công ty Cổ phần Công nghiệp Thương mại Sông Đà,VnStock,0
STL.VN,Công ty Cổ phần Sông Đà - Thăng Long,VnStock,0
STK.VN,Công ty Cổ phần Sợi Thế Kỷ,VnStock,1
STH.VN,Công ty Cổ phần Phát hành sách Thái Nguyên,VnStock,0
STG.VN,Công ty Cổ phần Kho Vận Miền Nam,VnStock,1
STC.VN,Công ty Cổ phần Sách và Thiết bị trường học Thành phố Hồ Chí Minh,VnStock,0
STB.VN,Ngân hàng Thương mại Cổ phần Sài Gòn Thương Tín,VnStock,1
ST8.VN,Công ty Cổ phần Tập đoàn ST8,VnStock,1
SSU.VN,Công ty Cổ phần Môi trường Đô thị Sóc Sơn,VnStock,0
SSN.VN,Công ty Cổ phần Xuất nhập khẩu Thủy sản Sài Gòn,VnStock,0
SSM.VN,Công ty Cổ phần Chế tạo kết cấu thép VNECO.SSM,VnStock,0
SSI.VN,Công ty Cổ phần Chứng khoán SSI,VnStock,1
SSH.VN,Công ty Cổ phần Phát triển Sunshine Homes,VnStock,0
SSG.VN,Công ty Cổ phần Vận tải Biển Hải Âu,VnStock,0
SSF.VN,Công ty Cổ phần Giáo dục G Sài Gòn,VnStock,0
SSC.VN,Công ty Cổ phần Giống cây trồng Miền Nam,VnStock,0
SSB.VN,Ngân hàng Thương mại Cổ phần Đông Nam Á,VnStock,1
SRT.VN,Công ty Cổ phần Vận tải Đường sắt Sài Gòn,VnStock,0
SRF.VN,Công ty Cổ phần Searefico,VnStock,1
SRC.VN,Công ty Cổ phần Cao su Sao Vàng,VnStock,1
SRB.VN,Công ty Cổ phần Tập đoàn Sara,VnStock,0
SRA.VN,Công ty Cổ phần SARA Việt Nam,VnStock,0
SQC.VN,Công ty Cổ phần Khoáng sản Sài Gòn - Quy Nhơn,VnStock,0
SPV.VN,Công ty Cổ phần Thủy Đặc Sản,VnStock,0
SPP.VN,Công ty Cổ phần Bao bì Nhựa Sài Gòn,VnStock,0
SPM.VN,Công ty Cổ phần S.P.M,VnStock,1
SPI.VN,Công ty Cổ phần Spiral Galaxy,VnStock,0
SPH.VN,Công ty Cổ phần Xuất Nhập khẩu Thủy sản Hà Nội,VnStock,0
SPD.VN,Công ty Cổ phần Xuất nhập khẩu Thủy sản Miền Trung,VnStock,0
SPC.VN,Công ty Cổ phần Bảo vệ Thực vật Sài Gòn,VnStock,0
SPB.VN,Công ty Cổ phần Sợi Phú Bài,VnStock,0
SPA.VN,Công ty Cổ phần Bao bì Sài Gòn,VnStock,0
SP2.VN,Công ty Cổ phần Thủy điện Sử Pán 2,VnStock,0
SON.VN,,VnStock,0
SNZ.VN,Tổng Công ty Cổ phần Phát triển Khu Công nghiệp,VnStock,0
SNC.VN,Công ty Cổ phần Xuất nhập khẩu Thủy sản Năm Căn,VnStock,0
SMT.VN,Công ty Cổ phần SAMETEL,VnStock,0
SMN.VN,Công ty Cổ phần Sách và thiết bị giáo dục Miền Nam,VnStock,0
SMC.VN,Công ty Cổ phần Đầu tư Thương mại SMC,VnStock,1
SMB.VN,Công ty Cổ phần Bia Sài Gòn - Miền Trung,VnStock,1
SMA.VN,Công ty Cổ phần Thiết bị Phụ tùng Sài Gòn,VnStock,0
SLS.VN,Công ty Cổ phần Mía đường Sơn La,VnStock,0
SLD.VN,Công ty Cổ phần Địa Ốc Sacom,VnStock,0
SKV.VN,Công ty Cổ phần Nước Giải khát Yến sào Khánh Hòa,VnStock,0
SKN.VN,Công ty Cổ phần Nước giải khát Sanna Khánh Hòa,VnStock,0
SKH.VN,Công ty Cổ phần Nước giải khát Sanest Khánh Hòa,VnStock,0
SKG.VN,Công ty Cổ phần Tàu Cao tốc Superdong - Kiên Giang,VnStock,1
SJS.VN,Công ty Cổ phần SJ Group,VnStock,1
SJM.VN,Công ty Cổ phần Sông Đà 19,VnStock,0
SJG.VN,Tổng Công ty Sông Đà,VnStock,0
SJF.VN,Công ty Cổ phần Đầu tư Sao Thái Dương,VnStock,0
SJE.VN,Công ty Cổ phần Sông Đà 11,VnStock,0
SJD.VN,Công ty Cổ phần Thủy điện Cần Đơn,VnStock,1
SJC.VN,Công ty Cổ phần Sông Đà 1.01,VnStock,0
SJ1.VN,Công ty Cổ phần Nông nghiệp Hùng Hậu,VnStock,0
SIV.VN,Công ty Cổ phần SIVICO,VnStock,0
SIP.VN,Công ty Cổ phần Đầu tư Sài Gòn VRG,VnStock,1
SII.VN,Công ty Cổ phần Hạ tầng Nước Sài Gòn,VnStock,0
SIG.VN,Công ty Cổ phần Đầu tư và Thương mại Sông Đà,VnStock,0
SID.VN,Công ty Cổ phần Đầu tư Phát triển Sài Gòn Co.op,VnStock,0
SIC.VN,Công ty Cổ phần ANI,VnStock,0
SHX.VN,Công ty Cổ phần Sài Gòn Hỏa xa,VnStock,0
SHS.VN,Công ty Cổ phần Chứng khoán Sài Gòn - Hà Nội,VnStock,0
SHP.VN,Công ty Cổ phần Thủy điện Miền Nam,VnStock,1
SHN.VN,Công ty Cổ phần Đầu tư Tổng hợp Hà Nội,VnStock,0
SHI.VN,Công ty Cổ phần Quốc tế Sơn Hà,VnStock,1
SHG.VN,Tổng Công ty Cổ phần Sông Hồng,VnStock,0
SHE.VN,Công ty Cổ phần Phát triển Năng Lượng Sơn Hà,VnStock,0
SHC.VN,Công ty Cổ phần Hàng hải Sài Gòn,VnStock,0
SHB.VN,Ngân hàng Thương mại Cổ phần Sài Gòn – Hà Nội,VnStock,1
SHA.VN,Công ty Cổ phần Sơn Hà Sài Gòn,VnStock,1
SGT.VN,Công ty Cổ phần Công nghệ Viễn thông Sài Gòn,VnStock,1
SGS.VN,Công ty Cổ phần Vận tải biển Sài Gòn,VnStock,0
SGR.VN,Công ty Cổ phần Tổng Công ty Cổ phần Địa ốc Sài Gòn,VnStock,1
SGP.VN,Công ty Cổ phần Cảng Sài Gòn,VnStock,0
SGO.VN,Công ty Cổ phần Dầu thực vật Sài Gòn,VnStock,0
SGN.VN,Công ty Cổ phần Phục vụ mặt đất Sài Gòn,VnStock,1
SGI.VN,Công ty Cổ phần Đầu tư SGI Holdings,VnStock,0
SGH.VN,Công ty Cổ phần Khách sạn Sài Gòn,VnStock,0
SGD.VN,Công ty Cổ phần Sách Giáo dục tại Thành phố Hồ Chí Minh,VnStock,0
SGC.VN,Công ty Cổ phần Xuất nhập khẩu Sa Giang,VnStock,0
SGB.VN,Ngân hàng Thương mại Cổ phần Sài Gòn Công thương,VnStock,0
SFN.VN,Công ty Cổ phần Dệt lưới Sài Gòn,VnStock,0
SFI.VN,Công ty Cổ phần Đại lý Vận tải SAFI,VnStock,1
SFG.VN,Công ty Cổ phần Phân bón Miền Nam,VnStock,1
SFC.VN,Công ty Cổ phần Nhiên liệu Sài Gòn,VnStock,1
SEP.VN,Công ty Cổ phần Tổng Công ty Thương mại Quảng Trị,VnStock,0
SED.VN,Công ty Cổ phần Đầu tư và Phát triển Giáo dục Phương Nam,VnStock,0
SEB.VN,Công ty Cổ phần Đầu tư và Phát triển Điện Miền Trung,VnStock,0
SEA.VN,Tổng Công ty Thủy sản Việt Nam - Công ty Cổ phần,VnStock,0
SDY.VN,Công ty Cổ phần Xi măng Sông Đà Yaly,VnStock,0
SDX.VN,Công ty Cổ phần Phòng cháy chữa cháy và Đầu tư Xây dựng Sông Đà,VnStock,0
SDV.VN,Công ty Cổ phần Dịch vụ Sonadezi,VnStock,0
SDU.VN,Công ty Cổ phần Đầu tư Xây dựng và Phát triển Đô thị Sông Đà,VnStock,0
SDT.VN,Công ty Cổ phần Sông Đà 10,VnStock,0
SDP.VN,Công ty Cổ phần SDP,VnStock,0
SDN.VN,Công ty Cổ phần Sơn Đồng Nai,VnStock,0
SDK.VN,Công ty Cổ phần Cơ khí Luyện Kim,VnStock,0
SDJ.VN,Công ty Cổ phần Sông Đà 25,VnStock,0
SDH.VN,Công ty Cổ phần Xây dựng hạ tầng Sông Đà,VnStock,0
SDG.VN,Công ty Cổ phần Sadico Cần Thơ,VnStock,0
SDD.VN,Công ty Cổ phần Đầu tư và Xây lắp Sông Đà,VnStock,0
SDC.VN,Công ty Cổ phần Tư vấn Sông Đà,VnStock,0
SDB.VN,Công ty Cổ phần Sông Đà 207,VnStock,0
SDA.VN,Công ty Cổ phần SIMCO Sông Đà,VnStock,0
SD9.VN,Công ty Cổ phần Sông Đà 9,VnStock,0
SD8.VN,Công ty Cổ phần Sông Đà 8,VnStock,0
SD7.VN,Công ty Cổ phần Sông Đà 7,VnStock,0
SD6.VN,Công ty Cổ phần Sông Đà 6,VnStock,0
SD5.VN,Công ty Cổ phần Sông Đà 5,VnStock,0
SD4.VN,Công ty Cổ phần Sông Đà 4,VnStock,0
SD3.VN,Công ty Cổ phần Sông Đà 3,VnStock,0
SD2.VN,Công ty Cổ phần Sông Đà 2,VnStock,0
SD1.VN,Công ty Cổ phần Sông Đà 1,VnStock,0
SCY.VN,Công ty Cổ phần Đóng tàu Sông Cấm,VnStock,0
SCV.VN,Công ty Cổ phần Muối Việt Nam,VnStock,0
SCS.VN,Công ty Cổ phần Dịch vụ Hàng hóa Sài Gòn,VnStock,1
SCR.VN,Công ty Cổ phần Địa Ốc Sài Gòn Thương Tín,VnStock,1
SCO.VN,Công ty Cổ phần Công nghiệp Thủy sản,VnStock,0
SCL.VN,Công ty Cổ phần Sông Đà Cao Cường,VnStock,0
SCJ.VN,Công ty Cổ phần Xi măng Sài Sơn,VnStock,0
SCI.VN,Công ty Cổ phần SCI E&C,VnStock,0
SCG.VN,Công ty Cổ phần Tập đoàn Xây dựng SCG,VnStock,0
SCD.VN,Công ty Cổ phần Nước giải khát Chương Dương,VnStock,0
SCC.VN,Công ty Cổ phần Thương mại Đầu tư SHB,VnStock,0
SCA.VN,Công ty Cổ phần Nông nghiệp Sông Con,VnStock,0
SC5.VN,Công ty Cổ phần Xây dựng số 5,VnStock,0
SBV.VN,Công ty Cổ phần Siam Brothers Việt Nam,VnStock,1
SBT.VN,Công ty Cổ phần Thành Thành Công - Biên Hòa,VnStock,1
SBS.VN,Công ty Cổ phần Chứng khoán SBS,VnStock,0
SBR.VN,Công ty Cổ phần Cao su Sông Bé,VnStock,0
SBM.VN,Công ty Cổ phần Đầu tư phát triển Bắc Minh,VnStock,0
SBL.VN,Công ty Cổ phần Bia Sài Gòn - Bạc Liêu,VnStock,0
SBH.VN,Công ty Cổ phần Thủy điện Sông Ba Hạ,VnStock,0
SBG.VN,Công ty Cổ Phần Tập Đoàn Cơ Khí Công Nghệ Cao Siba,VnStock,1
SBD.VN,Công ty Cổ phần Công nghệ Sao Bắc Đẩu,VnStock,0
SBB.VN,Công ty Cổ phần Tập đoàn Bia Sài Gòn Bình Tây,VnStock,0
SBA.VN,Công ty Cổ phần Sông Ba,VnStock,1
SB1.VN,Công ty Cổ phần Bia Sài Gòn - Nghệ Tĩnh,VnStock,0
SAV.VN,Công ty Cổ phần Hợp tác Kinh tế và Xuất nhập khẩu Savimex,VnStock,1
SAS.VN,Công ty Cổ phần Dịch vụ Hàng không Sân bay Tân Sơn Nhất,VnStock,0
SAP.VN,Công ty Cổ phần In Sách Giáo khoa TP.Hồ Chí Minh,VnStock,0
SAM.VN,Công ty Cổ phần SAM Holdings,VnStock,1
SAL.VN,Công ty Cổ phần Trục vớt Cứu hộ Việt Nam,VnStock,0
SAF.VN,Công ty Cổ phần Lương thực Thực phẩm SAFOCO,VnStock,0
SAC.VN,Công ty Cổ phần Xếp dỡ và Dịch vụ cảng Sài Gòn,VnStock,0
SAB.VN,Tổng Công ty Cổ phần Bia - Rượu - Nước Giải khát Sài Gòn,VnStock,1
S99.VN,Công ty Cổ phần SCI,VnStock,0
S96.VN,Công ty Cổ phần Sông Đà 9.06,VnStock,0
S74.VN,Công ty Cổ phần Sông Đà 7.04,VnStock,0
S72.VN,Công ty Cổ phần Sông Đà 7.02,VnStock,0
S55.VN,Công ty Cổ phần Sông Đà 505,VnStock,0
S4A.VN,Công ty Cổ phần Thủy điện Sê San 4A,VnStock,0
S27.VN,Công ty Cổ phần Sông Đà 27,VnStock,0
S12.VN,Công ty Cổ phần Sông Đà 12,VnStock,0
RYG.VN,Công ty Cổ phần Sản xuất và Đầu tư Hoàng Gia,VnStock,1
RTB.VN,Công ty Cổ phần Cao su Tân Biên,VnStock,0
ROS.VN,Công ty Cổ phần Xây dựng FLC FAROS,VnStock,0
RIC.VN,Công ty Cổ phần Quốc Tế Hoàng Gia,VnStock,0
RGG.VN,Công ty Cổ phần Regal Group,VnStock,0
RGC.VN,Công ty Cổ phần Đầu tư PV-Inconess,VnStock,0
REE.VN,Công ty Cổ phần Cơ điện Lạnh,VnStock,1
RDP.VN,Công ty Cổ phần Rạng Đông Holding,VnStock,0
RCL.VN,Công ty Cổ phần Địa ốc Chợ Lớn,VnStock,0
RCD.VN,Công ty Cổ phần Xây dựng - Địa ốc Cao su,VnStock,0
RCC.VN,Công ty Cổ phần Tổng Công ty Công trình Đường sắt Việt Nam,VnStock,0
RBC.VN,Công ty Cổ phần Công Nghiệp và Xuất nhập khẩu Cao Su,VnStock,0
RAT.VN,Công ty Cổ phần Vận tải và Thương mại Đường sắt,VnStock,0
RAL.VN,Công ty Cổ phần Bóng đèn Phích nước Rạng Đông,VnStock,1
QTP.VN,Công ty Cổ phần Nhiệt điện Quảng Ninh,VnStock,0
QTC.VN,Công ty Cổ phần Công trình Giao thông Vận tải Quảng Nam,VnStock,0
QST.VN,Công ty Cổ phần Sách và Thiết bị trường học Quảng Ninh,VnStock,0
QSP.VN,Công ty Cổ phần Tân cảng Quy Nhơn,VnStock,0
QPH.VN,Công ty Cổ phần Thủy điện Quế Phong,VnStock,0
QNW.VN,Công ty Cổ phần Cấp thoát nước và xây dựng Quảng Ngãi,VnStock,0
QNU.VN,Công ty Cổ phần Môi trường Đô thị Quảng Nam,VnStock,0
QNT.VN,Công ty Cổ phần Tư vấn và Đầu tư Phát triển Quảng Nam,VnStock,0
QNS.VN,Công ty Cổ phần Đường Quảng Ngãi,VnStock,0
QNP.VN,Công ty Cổ phần Cảng Quy Nhơn,VnStock,1
QNC.VN,Công ty Cổ phần Xi măng và Xây dựng Quảng Ninh,VnStock,0
QLT.VN,Công ty Cổ phần Quản lý Bảo trì Đường thủy Nội địa số 10,VnStock,0
QLD.VN,Công ty Cổ phần Quản lý và Xây dựng Giao thông Lạng Sơn,VnStock,0
QHW.VN,Công ty Cổ phần Nước khoáng Quảng Ninh,VnStock,0
QHD.VN,Công ty Cổ phần Que hàn điện Việt Đức,VnStock,0
QCG.VN,Công ty Cổ phần Quốc Cường Gia Lai,VnStock,1
QCC.VN,Công ty Cổ phần Đầu tư Xây dựng và Phát triển Hạ tầng Viễn Thông,VnStock,0
QBS.VN,Công ty Cổ phần Xuất nhập khẩu Quảng Bình,VnStock,0
PYU.VN,Công ty Cổ phần Môi trường và Công trình đô thị Phúc Yên,VnStock,0
PXT.VN,Công ty Cổ phần Xây lắp Đường ống Bể chứa Dầu khí,VnStock,0
PXS.VN,Công ty Cổ phần Kết cấu Kim loại và Lắp máy Dầu khí,VnStock,0
PXM.VN,Công ty Cổ phần Xây lắp Dầu khí Miền Trung,VnStock,0
PXL.VN,Công ty Cổ phần Đầu tư Khu Công Nghiệp Dầu khí Long Sơn,VnStock,0
PXI.VN,Công ty Cổ phần Xây dựng Công nghiệp và Dân dụng Dầu khí,VnStock,0
PXC.VN,Công ty Cổ phần Phát triển Đô thị Dầu khí,VnStock,0
PXA.VN,Công ty Cổ phần Đầu tư và Thương mại Dầu khí Nghệ An,VnStock,0
PX1.VN,Công ty Cổ phần Xi măng Sông Lam 2,VnStock,0
PWS.VN,Công ty Cổ phần Cấp thoát nước Phú Yên,VnStock,0
PWA.VN,Công ty Cổ phần Bất động sản dầu khí,VnStock,0
PVY.VN,Công ty Cổ phần Chế tạo Giàn khoan Dầu khí,VnStock,0
PVX.VN,Tổng Công ty Cổ phần Xây lắp Dầu khí Việt Nam,VnStock,0
PVV.VN,Công ty Cổ phần Vinaconex 39,VnStock,0
PVT.VN,Tổng Công ty Cổ phần Vận tải Dầu khí,VnStock,1
PVS.VN,Tổng Công ty Cổ phần Dịch vụ Kỹ thuật Dầu khí Việt Nam,VnStock,0
PVR.VN,Công ty Cổ phần Đầu tư PVR Hà Nội,VnStock,0
PVP.VN,Công ty Cổ phần Vận tải Dầu khí Thái Bình Dương,VnStock,1
PVO.VN,Công ty Cổ phần Dầu nhờn PV Oil,VnStock,0
PVM.VN,Công ty Cổ phần Máy - Thiết bị Dầu khí,VnStock,0
PVL.VN,Công ty Cổ phần Đầu tư Nhà Đất Việt,VnStock,0
PVI.VN,Công ty Cổ phần PVI,VnStock,0
PVH.VN,Công ty Cổ phần Xây lắp Dầu khí Thanh Hóa,VnStock,0
PVG.VN,Công ty Cổ phần Kinh doanh LPG Việt Nam,VnStock,0
PVE.VN,Tổng Công ty Tư vấn Thiết kế Dầu khí - Công ty Cổ phần,VnStock,0
PVD.VN,Tổng Công ty Cổ phần Khoan và Dịch vụ khoan Dầu khí,VnStock,1
PVC.VN,Tổng Công ty Hóa chất và Dịch vụ Dầu khí - Công ty Cổ phần,VnStock,0
PVB.VN,Công ty Cổ phần Bọc ống Dầu khí Việt Nam,VnStock,0
PVA.VN,Công ty Cổ phần Tổng Công ty Xây lắp Dầu khí Nghệ An,VnStock,0
PV2.VN,Công ty Cổ phần Đầu tư PV2,VnStock,0
PTX.VN,Công ty Cổ phần Vận tải và Dịch vụ Petrolimex Nghệ Tĩnh,VnStock,0
PTV.VN,Công ty Cổ phần Thương mại Dầu khí,VnStock,0
PTT.VN,Công ty Cổ phần Vận tải Dầu khí Đông Dương,VnStock,0
PTS.VN,Công ty Cổ phần Vận tải và Dịch vụ Petrolimex Hải Phòng,VnStock,0
PTP.VN,Công ty Cổ phần PTP,VnStock,0
PTO.VN,Công ty Cổ phần Dịch vụ - Xây dựng Công trình Bưu điện,VnStock,0
PTN.VN,Công ty Cổ phần Phát triển Nhà Khánh Hòa,VnStock,0
PTM.VN,"Công ty Cổ phần Sản xuất, Thương mại Và Dịch vụ Ô tô PTM",VnStock,0
PTL.VN,Công ty Cổ phần Victory Group,VnStock,1
PTI.VN,Tổng Công ty Cổ phần Bảo hiểm Bưu điện,VnStock,0
PTH.VN,Công ty Cổ phần Vận tải và Dịch vụ Petrolimex Hà Tây,VnStock,0
PTG.VN,Công ty Cổ phần May Xuất Khẩu Phan Thiết,VnStock,0
PTE.VN,Công ty Cổ phần Xi măng Phú Thọ,VnStock,0
PTD.VN,Công ty Cổ phần Thiết kế - Xây dựng - Thương mại Phúc Thịnh,VnStock,0
PTC.VN,Công ty Cổ phần Đầu tư ICAPITAL,VnStock,1
PTB.VN,Công ty Cổ phần Phú Tài,VnStock,1
PSW.VN,Công ty Cổ phần Phân bón và hóa chất dầu khí Tây Nam Bộ,VnStock,0
PSP.VN,Công ty Cổ phần Cảng Dịch vụ Dầu khí Đình Vũ,VnStock,0
PSN.VN,Công ty Cổ phần Dịch vụ Kỹ thuật PTSC Thanh Hóa,VnStock,0
PSL.VN,Công ty Cổ phần Chăn nuôi Phú Sơn,VnStock,0
PSI.VN,Công ty Cổ phần Chứng khoán Dầu khí,VnStock,0
PSH.VN,Công ty Cổ phần Thương mại Đầu tư Dầu khí Nam Sông Hậu,VnStock,0
PSG.VN,Công ty Cổ phần Đầu tư và Xây lắp Dầu khí Sài Gòn,VnStock,0
PSE.VN,Công ty Cổ phần Phân bón và hóa chất dầu khí Đông Nam Bộ,VnStock,0
PSD.VN,Công ty Cổ phần Dịch vụ Phân phối Tổng hợp Dầu khí,VnStock,0
PSC.VN,Công ty Cổ phần Vận tải và Dịch vụ Petrolimex Sài Gòn,VnStock,0
PSB.VN,Công ty Cổ phần Đầu tư Dầu khí Sao Mai Bến Đình,VnStock,0
PRT.VN,Tổng Công ty Sản xuất - Xuất nhập khẩu Bình Dương - Công ty cổ phần,VnStock,0
PRO.VN,Công ty Cổ phần Procimex Việt Nam,VnStock,0
PRE.VN,Tổng Công ty Cổ phần Tái bảo hiểm Hà Nội,VnStock,0
PRC.VN,Công ty Cổ phần Logistics Portserco,VnStock,0
PQN.VN,Công ty Cổ phần Dịch vụ Dầu khí Quảng Ngãi PTSC,VnStock,0
PPY.VN,Công ty Cổ phần Xăng dầu dầu khí Phú Yên,VnStock,0
PPT.VN,Công ty cổ phần Petro Times,VnStock,0
PPS.VN,Công ty Cổ phần Dịch vụ Kỹ thuật Điện lực Dầu khí Việt Nam,VnStock,0
PPP.VN,Công ty Cổ phần Dược phẩm Phong Phú,VnStock,0
PPI.VN,Công ty Cổ phần Đầu tư và Phát triển dự án hạ tầng Thái Bình Dương,VnStock,0
PPH.VN,Tổng Công ty Cổ phần Phong Phú,VnStock,0
PPE.VN,Công ty Cổ phần Tư vấn Đầu tư PP Enterprise,VnStock,0
PPC.VN,Công ty Cổ phần Nhiệt điện Phả Lại,VnStock,1
POW.VN,Tổng Công ty Điện lực Dầu khí Việt Nam - CTCP,VnStock,1
POV.VN,Công ty Cổ phần Xăng dầu Dầu khí Vũng Áng,VnStock,0
POT.VN,Công ty Cổ phần Thiết bị Bưu điện,VnStock,0
POS.VN,Công ty Cổ phần Vận hành và Xây lắp PTSC,VnStock,0
POM.VN,Công ty Cổ phần Thép Pomina,VnStock,0
POB.VN,Công ty Cổ phần Xăng dầu Dầu khí Hưng Yên,VnStock,0
PNT.VN,Công ty Cổ phần Kỹ thuật Xây dựng Phú Nhuận,VnStock,0
PNP.VN,Công ty Cổ phần Tân Cảng – Phú Hữu,VnStock,0
PNJ.VN,Công ty Cổ phần Vàng bạc Đá quý Phú Nhuận,VnStock,1
PNG.VN,Công ty Cổ phần Thương Mại Phú Nhuận,VnStock,0
PND.VN,Công ty Cổ phần Xăng dầu Dầu khí Nam Định,VnStock,0
PNC.VN,Công ty Cổ phần Văn hóa Phương Nam,VnStock,1
PMW.VN,Công ty Cổ phần Cấp Nước Phú Mỹ,VnStock,0
PMT.VN,Công ty Cổ phần Viễn thông Telvina Việt Nam,VnStock,0
PMS.VN,Công ty Cổ phần Cơ khí Xăng dầu,VnStock,0
PMP.VN,Công ty Cổ phần Bao bì Đạm Phú Mỹ,VnStock,0
PMJ.VN,Công ty Cổ phần Vật tư Bưu điện,VnStock,0
PMG.VN,Công ty Cổ phần Đầu tư và Sản xuất Petro Miền Trung,VnStock,1
PMC.VN,Công ty Cổ phần Dược phẩm Dược liệu Pharmedic,VnStock,0
PMB.VN,Công ty Cổ phần Phân bón và Hóa chất Dầu khí Miền Bắc,VnStock,0
PLX.VN,Tập đoàn Xăng dầu Việt Nam,VnStock,1
PLP.VN,Công ty Cổ phần Sản xuất và Công nghệ Nhựa Pha Lê,VnStock,1
PLO.VN,Công ty Cổ phần Kho vận Petec,VnStock,0
PLE.VN,Công ty Cổ phần Tư vấn Xây dựng Petrolimex,VnStock,0
PLC.VN,Tổng Công ty Hóa dầu Petrolimex - Công ty Cổ phần,VnStock,0
PLA.VN,Công ty Cổ phần Đầu tư và Dịch vụ hạ tầng Xăng dầu,VnStock,0
PJT.VN,Công ty Cổ phần Vận tải Xăng dầu đường thủy Petrolimex,VnStock,1
PJS.VN,Công ty Cổ phần Cấp nước Phú Hòa Tân,VnStock,0
PJC.VN,Công ty Cổ phần Thương mại và Vận tải Petrolimex Hà Nội,VnStock,0
PIV.VN,Công ty Cổ phần PIV,VnStock,0
PIT.VN,Công ty Cổ phần Xuất nhập khẩu Petrolimex,VnStock,1
PIS.VN,Tổng Công ty Pisico Bình Định - Công ty Cổ phần,VnStock,0
PID.VN,Công ty Cổ phần Trang trí nội thất Dầu khí,VnStock,0
PIC.VN,Công ty Cổ phần Đầu tư Điện lực 3,VnStock,0
PIA.VN,Công ty Cổ phần Tin học Viễn thông Petrolimex,VnStock,0
PHS.VN,Công ty Cổ phần Chứng khoán Phú Hưng,VnStock,0
PHR.VN,Công ty Cổ phần Cao su Phước Hòa,VnStock,1
PHP.VN,Công ty Cổ phần Cảng Hải Phòng,VnStock,0
PHN.VN,Công ty Cổ phần Pin Hà Nội,VnStock,0
PHH.VN,Công ty Cổ phần Hồng Hà Việt Nam,VnStock,0
PHC.VN,Công ty Cổ phần Xây dựng Phục Hưng Holdings,VnStock,1
PGV.VN,Tổng Công ty Phát điện 3 - Công ty Cổ phần,VnStock,1
PGT.VN,Công ty Cổ phần PGT Holdings,VnStock,0
PGS.VN,Công ty Cổ phần Kinh doanh Khí Miền Nam,VnStock,0
PGN.VN,Công ty Cổ phần Phụ Gia Nhựa,VnStock,0
PGI.VN,Tổng Công ty Cổ phần Bảo hiểm Petrolimex,VnStock,0
PGD.VN,Công ty Cổ phần Phân phối khí thấp áp dầu khí Việt Nam,VnStock,1
PGC.VN,Tổng Công ty Gas Petrolimex - Công ty Cổ phần,VnStock,1
PGB.VN,Ngân hàng Thương mại Cổ phần Thịnh vượng và Phát triển,VnStock,0
PFL.VN,Công ty Cổ phần Dầu khí Đông Đô,VnStock,0
PET.VN,Tổng Công ty Cổ phần Dịch vụ Tổng hợp Dầu khí,VnStock,1
PEQ.VN,Công ty Cổ phần Thiết bị xăng dầu Petrolimex,VnStock,0
PEN.VN,Công ty Cổ phần Xây lắp III Petrolimex,VnStock,0
PEG.VN,Tổng Công ty Thương mại Kỹ thuật và Đầu tư - Công ty Cổ phần,VnStock,0
PEC.VN,Công ty Cổ phần Cơ khí Điện lực,VnStock,0
PDV.VN,Công ty Cổ phần Vận tải và Tiếp vận Phương Đông Việt,VnStock,1
PDT.VN,,VnStock,0
PDR.VN,Công ty Cổ phần Phát triển Bất động sản Phát Đạt,VnStock,1
PDN.VN,Công ty Cổ phần Cảng Đồng Nai,VnStock,1
PDC.VN,Công ty Cổ phần Du lịch Dầu khí Phương Đông,VnStock,0
PDB.VN,Công ty Cổ phần Tập đoàn Đầu tư DIN Capital,VnStock,0
PCT.VN,Công ty Cổ phần Vận tải Biển Global Pacific,VnStock,0
PCN.VN,Công ty Cổ phần Hóa phẩm dầu khí DMC - Miền Bắc,VnStock,0
PCM.VN,Công ty Cổ phần Vật liệu Xây dựng Bưu điện,VnStock,0
PCH.VN,Công ty Cổ phần Nhựa Picomat,VnStock,0
PCG.VN,Công ty Cổ phần Đầu tư Phát triển Gas Đô thị,VnStock,0
PCF.VN,Công ty Cổ phần Cà phê PETEC,VnStock,0
PCE.VN,Công ty Cổ phần Phân bón và hóa chất dầu khí Miền Trung,VnStock,0
PCC.VN,Công ty Cổ phần Tập đoàn Xây lắp 1 - Petrolimex,VnStock,0
PC1.VN,Công ty Cổ phần Tập đoàn PC1,VnStock,1
PBT.VN,Công ty Cổ Phần Bao bì và Thương mại Dầu khí Bình Sơn,VnStock,0
PBP.VN,Công ty Cổ phần Bao bì Dầu khí Việt Nam,VnStock,0
PBC.VN,Công ty Cổ phần Dược Phẩm Trung ương 1 - Pharbaco,VnStock,0
PAT.VN,Công ty Cổ phần Phốt pho Apatit Việt Nam,VnStock,0
PAS.VN,Công ty Cổ phần Quốc tế Phương Anh,VnStock,0
PAP.VN,Công ty Cổ phần Dầu khí đầu tư khai thác Cảng Phước An,VnStock,0
PAN.VN,Công ty Cổ phần Tập đoàn PAN,VnStock,1
PAI.VN,"Công ty Cổ phần Công nghê thông tin, Viễn thông và Tự động hóa Dầu khí",VnStock,0
PAC.VN,Công ty Cổ phần Pin Ắc quy Miền Nam,VnStock,1
ORS.VN,Công ty Cổ phần Chứng khoán Tiên Phong,VnStock,1
OPC.VN,Công ty Cổ phần Dược Phẩm OPC,VnStock,1
ONW.VN,Công ty Cổ phần Dịch vụ Một Thế giới,VnStock,0
ONE.VN,Công ty Cổ phần Công nghệ ONE,VnStock,0
OIL.VN,Tổng Công ty Dầu Việt Nam - Công ty Cổ phần,VnStock,0
OGC.VN,Công ty Cổ phần Tập đoàn Đại Dương,VnStock,1
ODE.VN,Công ty cổ phần Tập đoàn Truyền thông và Giải trí ODE,VnStock,0
OCH.VN,Công ty Cổ phần One Capital Hospitality,VnStock,0
OCB.VN,Ngân hàng Thương mại Cổ phần Phương Đông,VnStock,1
NXT.VN,Công ty Cổ phần Sản xuất và Cung ứng vật liệu xây dựng Kon Tum,VnStock,0
NWT.VN,Công ty Cổ phần Vận tải Newway,VnStock,0
NVT.VN,Công ty Cổ phần Bất động sản Du lịch Ninh Vân Bay,VnStock,1
NVP.VN,Công ty Cổ phần Nước sạch Vĩnh Phúc,VnStock,0
NVL.VN,Công ty Cổ phần Tập đoàn Đầu tư Địa ốc No Va,VnStock,1
NVB.VN,Ngân hàng Thương mại Cổ phần Quốc Dân,VnStock,0
NUE.VN,Công ty Cổ phần Môi trường Đô thị Nha Trang,VnStock,0
NTW.VN,Công ty Cổ phần Cấp nước Nhơn Trạch,VnStock,0
NTT.VN,Công ty Cổ phần Dệt - May Nha Trang,VnStock,0
NTP.VN,Công ty Cổ phần Nhựa Thiếu niên Tiền Phong,VnStock,0
NTL.VN,Công ty Cổ phần Phát triển Đô thị Từ Liêm,VnStock,1
NTH.VN,Công ty Cổ phần Thủy điện Nước Trong,VnStock,0
NTF.VN,Công ty Cổ phần Dược - Vật tư y tế Nghệ An,VnStock,0
NTC.VN,Công ty Cổ phần Khu Công nghiệp Nam Tân Uyên,VnStock,1
NTB.VN,Công ty Cổ phần Đầu tư Xây dựng và Khai thác Công trình giao thông 584,VnStock,0
NT2.VN,Công ty Cổ phần Điện lực Dầu khí Nhơn Trạch 2,VnStock,1
NST.VN,Công ty Cổ phần Ngân Sơn,VnStock,0
NSS.VN,Công ty Cổ phần Nông súc sản Đồng Nai,VnStock,0
NSL.VN,Công ty Cổ phần Cấp nước Sơn La,VnStock,0
NSH.VN,Công ty Cổ phần Tập đoàn Nhôm Sông Hồng Shalumi,VnStock,0
NSG.VN,Công ty Cổ phần Nhựa Sài Gòn,VnStock,0
NSC.VN,Công ty Cổ phần Tập đoàn Giống cây trồng Việt Nam,VnStock,1
NS3.VN,Công ty Cổ phần Sản xuất Kinh doanh Nước sạch số 3 Hà Nội,VnStock,0
NS2.VN,Công ty Cổ phần Nước sạch số 2 Hà Nội,VnStock,0
NRC.VN,Công ty Cổ phần Tập đoàn NRC,VnStock,0
NQT.VN,Công ty Cổ phần Nước sạch Quảng Trị,VnStock,0
NQN.VN,Công ty Cổ phần Nước sạch Quảng Ninh,VnStock,0
NQB.VN,Công ty Cổ phần Cấp nước Quảng Bình,VnStock,0
NOS.VN,Công ty Cổ phần Vận tải Biển và Thương mại Phương Đông,VnStock,0
NO1.VN,Công ty Cổ phần Tâp đoàn 911,VnStock,1
NNT.VN,Công ty Cổ phần Cấp nước Ninh Thuận,VnStock,0
NNQ.VN,,VnStock,0
NNG.VN,Công ty Cổ phần Công nghiệp - Dịch vụ - Thương mại Ngọc Nghĩa,VnStock,0
NNC.VN,Công ty Cổ phần Đá Núi Nhỏ,VnStock,1
NLS.VN,Công ty Cổ phần Cấp thoát nước Lạng Sơn,VnStock,0
NLG.VN,Công ty Cổ phần Đầu tư Nam Long,VnStock,1
NKG.VN,Công ty Cổ phần Thép Nam Kim,VnStock,1
NJC.VN,Công ty Cổ phần May Nam Định,VnStock,0
NHV.VN,Công ty Cổ phần Sức khỏe Hồi sinh Việt Nam,VnStock,0
NHT.VN,Công ty Cổ phần Sản xuất và Thương mại Nam Hoa,VnStock,1
NHP.VN,Công ty Cổ phần Sản xuất Xuất nhập khẩu NHP,VnStock,0
NHH.VN,Công ty Cổ phần Nhựa Hà Nội,VnStock,1
NHC.VN,Công ty Cổ phần Gạch ngói Nhị Hiệp,VnStock,0
NHA.VN,Tổng Công ty Đầu tư Phát triển Nhà và Đô thị Nam Hà Nội,VnStock,1
NGC.VN,Công ty Cổ phần Chế biến Thủy sản Xuất khẩu Ngô Quyền,VnStock,0
NFC.VN,Công ty Cổ phần Phân lân Ninh Bình,VnStock,0
NET.VN,Công ty Cổ phần Bột giặt Net,VnStock,0
NEM.VN,Công ty Cổ phần Thiết bị Điện Miền Bắc,VnStock,0
NED.VN,Công ty Cổ phần Đầu tư và Phát triển Điện Tây Bắc,VnStock,0
NDX.VN,Công ty Cổ phần Xây lắp Phát triển Nhà Đà Nẵng,VnStock,0
NDW.VN,Công ty Cổ phần Cấp nước Nam Định,VnStock,0
NDT.VN,Tổng Công ty Cổ phần Dệt may Nam Định,VnStock,0
NDP.VN,Công ty Cổ phần Dược phẩm 2/9,VnStock,0
NDN.VN,Công ty Cổ phần Đầu tư Phát triển Nhà Đà Nẵng,VnStock,0
NDF.VN,Công ty Cổ phần Chế biến thực phẩm nông sản xuất khẩu Nam Định,VnStock,0
NDC.VN,Công ty Cổ phần Nam Dược,VnStock,0
ND2.VN,Công ty Cổ phần Đầu tư và Phát triển điện Miền Bắc 2,VnStock,0
NCT.VN,Công ty Cổ phần Dịch vụ Hàng hóa Nội Bài,VnStock,1
NCS.VN,Công ty Cổ phần Suất ăn Hàng không Nội Bài,VnStock,0
NCG.VN,Công ty Cổ phần Tập đoàn Nova Consumer,VnStock,0
NBW.VN,Công ty Cổ phần Cấp nước Nhà Bè,VnStock,0
NBT.VN,Công ty Cổ phần Cấp thoát nước Bến Tre,VnStock,0
NBP.VN,Công ty Cổ phần Nhiệt Điện Ninh Bình,VnStock,0
NBE.VN,Công ty Cổ phần Sách và Thiết bị Giáo dục Miền Bắc,VnStock,0
NBC.VN,Công ty Cổ phần Than Núi Béo - Vinacomin,VnStock,0
NBB.VN,Công ty Cổ phần Đầu tư Năm Bảy Bảy,VnStock,1
NAW.VN,Công ty Cổ phần Cấp nước Nghệ An,VnStock,0
NAV.VN,Công ty Cổ phần Nam Việt,VnStock,1
NAU.VN,Công ty Cổ phần Môi trường và Công trình Đô thị Nghệ An,VnStock,0
NAS.VN,Công ty Cổ phần Dịch vụ Hàng không Sân bay Việt Nam,VnStock,0
NAP.VN,Công ty Cổ phần Cảng Nghệ Tĩnh,VnStock,0
NAG.VN,Công ty Cổ phần Tập đoàn Nagakawa,VnStock,0
NAF.VN,Công ty Cổ phần Nafoods Group,VnStock,1
NAC.VN,Công ty Cổ phần Tư vấn Xây dựng Tổng hợp,VnStock,0
NAB.VN,Ngân hàng Thương mại Cổ phần Nam Á,VnStock,1
MZG.VN,Công ty Cổ Phần Miza,VnStock,0
MXC.VN,,VnStock,0
MWG.VN,Công ty Cổ phần Đầu tư Thế Giới Di Động,VnStock,1
MVN.VN,Tổng Công ty Hàng hải Việt Nam - CTCP,VnStock,0
MVC.VN,Công ty Cổ phần Vật liệu và Xây dựng Bình Dương,VnStock,0
MVB.VN,Tổng Công ty Công nghiệp mỏ Việt Bắc TKV - Công ty Cổ phần,VnStock,0
MTX.VN,Công ty Cổ phần Công trình Đô thị Gò Công,VnStock,0
MTV.VN,Công ty Cổ phần Dịch vụ Môi trường và Công trình Đô thị Vũng Tàu,VnStock,0
MTS.VN,Công ty Cổ phần Vật tư - TKV,VnStock,0
MTP.VN,Công ty Cổ phần Dược Medipharco,VnStock,0
MTL.VN,Công ty Cổ phần Dịch vụ Môi trường Đô thị Từ Liêm,VnStock,0
MTH.VN,Công ty Cổ phần Môi trường Đô thị Hà Đông,VnStock,0
MTG.VN,Công ty Cổ phần MT Gas,VnStock,0
MTC.VN,Công ty Cổ phần Dịch vụ Du lịch Mỹ Trà,VnStock,0
MTB.VN,Công ty Cổ phần Môi trường và Công trình đô thị tỉnh Thái Bình,VnStock,0
MTA.VN,Tổng Công ty Khoáng sản và Thương mại Hà Tĩnh - Công ty Cổ phần,VnStock,0
MST.VN,Công ty Cổ phần Đầu tư MST,VnStock,0
MSR.VN,Công ty Cổ phần Masan High-Tech Materials,VnStock,0
MSN.VN,Công ty Cổ phần Tập đoàn Masan,VnStock,1
MSH.VN,Công ty Cổ phần May Sông Hồng,VnStock,1
MSB.VN,Ngân hàng Thương mại Cổ phần Hàng Hải Việt Nam,VnStock,1
MRF.VN,Công ty Cổ phần MERUFA,VnStock,0
MQN.VN,Công ty Cổ phần Môi trường đô thị Quảng Ngãi,VnStock,0
MQB.VN,Công ty Cổ phần Môi trường và Phát triển đô thị Quảng Bình,VnStock,0
MPY.VN,Công ty Cổ phần Môi trường đô thị Phú Yên,VnStock,0
MPT.VN,Công ty Cổ phần Tập đoàn MPT,VnStock,0
MPC.VN,Công ty Cổ phần Tập đoàn Thủy sản Minh Phú,VnStock,0
MND.VN,Công ty Cổ phần Môi trường Nam Định,VnStock,0
MNB.VN,Tổng Công ty May Nhà Bè - Công ty Cổ phần,VnStock,0
MML.VN,Công ty Cổ phần Masan MEATLife,VnStock,0
MLS.VN,Công ty Cổ phần Chăn nuôi - Mitraco,VnStock,0
MLC.VN,Công ty Cổ phần Môi trường Đô thị Tỉnh Lào Cai,VnStock,0
MKV.VN,Công ty Cổ phần Dược Thú Y Cai Lậy,VnStock,0
MKP.VN,Công ty Cổ phần Hóa - Dược phẩm Mekophar,VnStock,0
MIM.VN,Công ty Cổ phần Khoáng sản và Cơ khí,VnStock,0
MIG.VN,Tổng Công ty Cổ phần Bảo hiểm Quân đội,VnStock,1
MIE.VN,Tổng Công ty Máy và Thiết bị Công nghiệp - CTCP,VnStock,0
MIC.VN,Công ty Cổ phần Kỹ nghệ Khoáng sản Quảng Nam,VnStock,0
MHL.VN,Công ty Cổ phần Minh Hữu Liên,VnStock,0
MHC.VN,Công ty Cổ phần MHC,VnStock,1
MH3.VN,Công ty Cổ phần Khu công nghiệp Cao su Bình Long,VnStock,0
MGR.VN,Công ty cổ phần Tập đoàn MGROUP,VnStock,0
MGG.VN,Tổng Công ty Đức Giang - Công ty Cổ phần,VnStock,0
MGC.VN,Công ty Cổ phần Địa chất mỏ - TKV,VnStock,0
MFS.VN,Công ty Cổ phần Dịch vụ kỹ thuật Mobifone,VnStock,0
MES.VN,Công ty Cổ phần Cơ điện Công trình,VnStock,0
MEL.VN,Công ty Cổ phần Thép Mê Lin,VnStock,0
MEG.VN,Công ty Cổ phần Megram,VnStock,0
MEF.VN,Công ty Cổ phần MEINFA,VnStock,0
MED.VN,Công ty Cổ phần Dược Trung ương Mediplantex,VnStock,0
MEC.VN,Công ty Cổ phần Cơ khí - Lắp máy Sông Đà,VnStock,0
MDG.VN,Công ty Cổ phần Miền Đông,VnStock,1
MDF.VN,Công ty Cổ phần Gỗ MDF VRG - Quảng Trị,VnStock,0
MDC.VN,Công ty Cổ phần Than Mông Dương - Vinacomin,VnStock,0
MDA.VN,Công ty Cổ phần Môi trường Đô thị Đông Anh,VnStock,0
MCP.VN,Công ty Cổ phần In và Bao bì Mỹ Châu,VnStock,1
MCO.VN,Công ty Cổ phần Đầu tư và Xây dựng BDC Việt Nam,VnStock,0
MCM.VN,Công ty Cổ phần Giống bò sữa Mộc Châu,VnStock,1
MCI.VN,Công ty Cổ phần Đầu tư Xây dựng và Phát triển Vật liệu IDICO,VnStock,0
MCH.VN,Công ty Cổ phần Hàng Tiêu Dùng MaSan,VnStock,0
MCG.VN,Công ty Cổ phần Năng lượng và Bất động sản MCG,VnStock,0
MCF.VN,Công ty Cổ phần Xây lắp Cơ khí và Lương thực Thực phẩm,VnStock,0
MCD.VN,Công ty Cổ phần Môi trường và Công trình Đô thị Đông Hà,VnStock,0
MCC.VN,Công ty Cổ phần Gạch ngói cao cấp,VnStock,0
MC3.VN,Công ty Cổ phần Khoáng sản 3 - Vimico,VnStock,0
MBT.VN,Công ty Cổ phần Bất động sản cho thuê Minh Bảo Tín,VnStock,0
MBS.VN,Công ty Cổ phần Chứng khoán MB,VnStock,0
MBN.VN,Công ty Cổ phần Môi trường và Công trình đô thị Bắc Ninh,VnStock,0
MBG.VN,Công ty Cổ phần Tập đoàn MBG,VnStock,0
MBB.VN,Ngân hàng Thương mại Cổ phần Quân đội,VnStock,1
MAS.VN,Công ty cổ phần Dịch vụ Hàng Không Sân Bay Đà Nẵng,VnStock,0
MAC.VN,Công ty Cổ phần Tập đoàn Macstar,VnStock,0
MA1.VN,Công ty Cổ phần Thiết bị,VnStock,0
M10.VN,Tổng công ty May 10 - Công ty Cổ phần,VnStock,0
LYF.VN,Công ty Cổ phần Lương Thực Lương Yên,VnStock,0
LWS.VN,Công ty Cổ phần Cấp nước Tỉnh Lào Cai,VnStock,0
LUT.VN,Công ty Cổ phần Đầu tư Xây dựng Lương Tài,VnStock,0
LTG.VN,Công ty Cổ phần Tập đoàn Lộc Trời,VnStock,0
LTC.VN,Công ty Cổ phần Điện nhẹ Viễn Thông,VnStock,0
LSS.VN,Công ty Cổ phần Mía đường Lam Sơn,VnStock,1
LSG.VN,Công ty Cổ phần Bất động sản Sài Gòn Vi na,VnStock,0
LQN.VN,Công ty Cổ phần Licogi Quảng Ngãi,VnStock,0
LPT.VN,Công ty Cổ phần Thương mại và Sản xuất Lập Phương Thành,VnStock,0
LPB.VN,Ngân hàng Thương mại Cổ phần Lộc Phát Việt Nam,VnStock,1
LO5.VN,Công ty Cổ phần Lilama 5,VnStock,0
LNC.VN,Công ty Cổ phần Lệ Ninh,VnStock,0
LMI.VN,Công ty Cổ phần Đầu tư Xây dựng Lắp máy IDICO,VnStock,0
LMH.VN,Công ty Cổ phần Quốc Tế Holding,VnStock,0
LMC.VN,Công ty Cổ phần Long Beach LMC,VnStock,0
LM8.VN,Công ty Cổ phần Lilama 18,VnStock,0
LM7.VN,Công ty Cổ phần Lilama 7,VnStock,0
LM3.VN,Công ty Cổ phần Lilama 3,VnStock,0
LLM.VN,Tổng Công ty lắp máy Việt Nam - Công ty Cổ phần,VnStock,0
LKW.VN,Công ty Cổ phần Cấp nước Long Khánh,VnStock,0
LIX.VN,Công ty Cổ phần Bột Giặt LIX,VnStock,1
LIG.VN,Công ty Cổ phần Licogi 13,VnStock,0
LIC.VN,Tổng Công ty LICOGI - Công ty Cổ phần,VnStock,0
LHG.VN,Công ty Cổ phần Long Hậu,VnStock,1
LHC.VN,Công ty Cổ phần Đầu tư và Xây dựng Thủy lợi Lâm Đồng,VnStock,0
LGM.VN,Công ty Cổ phần Giày da và May mặc Xuất khẩu (Legamex),VnStock,0
LGL.VN,Công ty Cổ phần Đầu tư và Phát triển Đô thị Long Giang,VnStock,1
LGC.VN,Công ty Cổ phần Đầu tư Cầu đường CII,VnStock,1
LG9.VN,Công ty Cổ phần Cơ giới và Xây lắp số 9,VnStock,0
LEC.VN,Công ty Cổ phần Bất động sản Điện lực Miền Trung,VnStock,0
LDW.VN,Công ty Cổ phần Cấp thoát nước Lâm Đồng,VnStock,0
LDP.VN,Công ty Cổ phần Dược Lâm Đồng - Ladophar,VnStock,0
LDG.VN,Công ty Cổ phần Đầu tư LDG,VnStock,1
LCW.VN,Công ty Cổ phần Nước sạch Lai Châu,VnStock,0
LCS.VN,Công ty Cổ phần Licogi 16.6,VnStock,0
LCM.VN,Công ty Cổ phần Khai thác và Chế biến Khoáng sản Lào Cai,VnStock,0
LCG.VN,Công ty Cổ phần Lizen,VnStock,1
LCD.VN,Công ty Cổ phần Lắp máy - Thí nghiệm cơ điện,VnStock,0
LCC.VN,Công ty Cổ phần Xi măng Hồng Phong,VnStock,0
LBM.VN,Công ty Cổ phần Khoáng sản và Vật liệu xây dựng Lâm Đồng,VnStock,1
LBE.VN,Công ty Cổ phần Thương mại và Dịch vụ LVA,VnStock,0
LBC.VN,Công ty Cổ phần Thương mại - Đầu tư Long Biên,VnStock,0
LAW.VN,Công ty Cổ phần Cấp thoát nước Long An,VnStock,0
LAS.VN,Công ty Cổ phần Supe Phốt phát và Hóa chất Lâm Thao,VnStock,0
LAI.VN,Công ty Cổ phần Đầu tư Xây dựng Long An IDICO,VnStock,0
LAF.VN,Công ty Cổ phần Chế biến Hàng Xuất khẩu Long An,VnStock,0
L63.VN,Công ty Cổ phần Lilama 69-3,VnStock,0
L62.VN,Công ty Cổ phần Lilama 69 - 2,VnStock,0
L61.VN,Công ty Cổ phần Lilama 69-1,VnStock,0
L45.VN,Công ty Cổ phần Lilama 45.1,VnStock,0
L44.VN,Công ty Cổ phần Lilama 45.4,VnStock,0
L43.VN,Công ty Cổ phần Lilama 45.3,VnStock,0
L40.VN,Công ty Cổ phần Đầu tư và Xây dựng 40,VnStock,0
L35.VN,Công ty Cổ phần Cơ khí Lắp máy Lilama,VnStock,0
L18.VN,Công ty Cổ phần Đầu tư và Xây dựng số 18,VnStock,0
L14.VN,Công ty Cổ phần Licogi 14,VnStock,0
L12.VN,Công ty Cổ phần Licogi 12,VnStock,0
L10.VN,Công ty Cổ phần Lilama 10,VnStock,1
KWA.VN,Công ty Cổ phần Cấp thoát nước và Môi trường Kiến Tường,VnStock,0
KVC.VN,Công ty Cổ phần Sản xuất Xuất nhập khẩu Inox Kim Vĩ,VnStock,0
KTW.VN,Công ty Cổ phần Cấp nước Kon Tum,VnStock,0
KTT.VN,Công ty Cổ phần Tập đoàn Đầu tư KTT,VnStock,0
KTS.VN,Công ty Cổ phần Đường Kon Tum,VnStock,0
KTL.VN,Công ty Cổ phần Kim khí Thăng Long,VnStock,0
KTC.VN,Công ty Cổ phần Thương mại Kiên Giang,VnStock,0
KSV.VN,Tổng Công ty Khoáng sản TKV - Công ty Cổ phần,VnStock,0
KST.VN,Công ty Cổ phần KASATI,VnStock,0
KSQ.VN,Công ty Cổ phần CNC Capital Việt Nam,VnStock,0
KSH.VN,Công ty Cổ phần Damac GLS,VnStock,0
KSF.VN,Công ty Cổ phần Tập đoàn Sunshine,VnStock,0
KSD.VN,Công ty Cổ phần Đầu tư DNA,VnStock,0
KSB.VN,Công ty Cổ phần Khoáng sản và Xây dựng Bình Dương,VnStock,1
KPF.VN,Công ty Cổ phần Đầu tư Tài sản KOJI,VnStock,0
KOS.VN,Công ty Cổ phần KOSY,VnStock,1
KMT.VN,Công ty Cổ phần Kim khí Miền Trung,VnStock,0
KMR.VN,Công ty Cổ phần Mirae,VnStock,1
KLM.VN,Công ty Cổ phần Kim loại màu Nghệ Tĩnh,VnStock,0
KLF.VN,Công ty Cổ phần Đầu tư Thương mại và Xuất nhập khẩu CFS,VnStock,0
KLB.VN,Ngân hàng Thương mại Cổ phần Kiên Long,VnStock,0
KKC.VN,Công ty Cổ phần Tập đoàn Thành Thái,VnStock,0
KIP.VN,Công ty Cổ phần K.I.P Việt Nam,VnStock,0
KHW.VN,Công ty Cổ phần Cấp thoát nước Khánh Hòa,VnStock,0
KHS.VN,Công ty Cổ phần Kiên Hùng,VnStock,0
KHP.VN,Công ty Cổ phần Điện lực Khánh Hòa,VnStock,1
KHL.VN,Công ty Cổ phần Khoáng sản và Vật liệu Xây dựng Hưng Long,VnStock,0
KHG.VN,Công ty Cổ phần Tập đoàn Khải Hoàn Land,VnStock,1
KHD.VN,"Công ty Cổ phần Khai thác, Chế biến Khoáng sản Hải Dương",VnStock,0
KHB.VN,Công ty Cổ phần Khoáng sản Hòa Bình,VnStock,0
KHA.VN,Công ty Cổ phần Đầu tư và Dịch vụ Khánh Hội,VnStock,0
KGM.VN,Công ty Cổ phần Xuất nhập khẩu Kiên Giang,VnStock,0
KDM.VN,Công ty Cổ phần Tập đoàn GCL,VnStock,0
KDH.VN,Công ty Cổ phần Đầu tư và Kinh doanh nhà Khang Điền,VnStock,1
KDC.VN,Công ty Cổ phần Tập đoàn KIDO,VnStock,1
KCE.VN,Công ty Cổ phần Bê tông Ly tâm Điện lực Khánh Hòa,VnStock,0
KCB.VN,Công ty Cổ phần Khoáng Sản và Luyện Kim Cao Bằng,VnStock,0
KBC.VN,Tổng Công ty Phát triển Đô thị Kinh Bắc,VnStock,1
KAC.VN,Công ty Cổ phần Đầu tư Địa ốc Khang An,VnStock,0
JVC.VN,Công ty Cổ phần Đầu tư Y tế - Dược phẩm Việt Nam,VnStock,1
JOS.VN,Công ty Cổ phần Chế biến Thủy sản Xuất khẩu Minh Hải,VnStock,0
IVS.VN,Công ty Cổ phần Chứng khoán Guotai Junan (Việt Nam),VnStock,0
ITS.VN,"Công ty Cổ phần Đầu tư, Thương mại và Dịch vụ - Vinacomin",VnStock,0
ITQ.VN,Công ty Cổ phần Tập đoàn Thiên Quang,VnStock,0
ITD.VN,Công ty Cổ phần Công nghệ ITD,VnStock,1
ITC.VN,Công ty Cổ phần Đầu tư - Kinh doanh nhà,VnStock,1
ITA.VN,Công ty Cổ phần Đầu tư và Công nghiệp Tân Tạo,VnStock,0
IST.VN,Công ty Cổ phần ICD Tân Cảng Sóng Thần,VnStock,0
ISH.VN,Công ty Cổ phần Thủy điện Srok Phu Miêng IDICO,VnStock,0
ISG.VN,Công ty Cổ phần Vận tải biển và Hợp tác lao động Quốc Tế,VnStock,0
IRC.VN,Công ty Cổ phần Cao su Công nghiệp,VnStock,0
IPH.VN,,VnStock,0
IPA.VN,Công ty Cổ phần Tập đoàn Đầu tư I.P.A,VnStock,0
INN.VN,Công ty Cổ phần Bao bì và In Nông nghiệp,VnStock,0
ING.VN,Công ty Cổ phần Đầu Tư Và Phát Triển Xây Dựng,VnStock,0
INC.VN,Công ty Cổ phần Tư vấn Đầu tư IDICO,VnStock,0
IN4.VN,Công ty Cổ phần In số 4,VnStock,0
IMP.VN,Công ty Cổ phần Dược phẩm IMEXPHARM,VnStock,1
IME.VN,Công ty Cổ phần Cơ khí và Xây lắp Công nghiệp,VnStock,0
ILS.VN,Công ty Cổ phần Đầu tư Thương mại và Dịch vụ Quốc tế,VnStock,0
ILC.VN,Công ty Cổ phần Hợp tác lao động với nước ngoài,VnStock,0
ILB.VN,Công ty Cổ phần ICD Tân Cảng - Long Bình,VnStock,1
ILA.VN,Công ty Cổ phần ILA,VnStock,0
IJC.VN,Công ty Cổ phần Phát triển Hạ tầng Kỹ thuật,VnStock,1
IHK.VN,Công ty Cổ phần In Hàng Không,VnStock,0
IFS.VN,Công ty Cổ phần Thực phẩm Quốc tế,VnStock,0
IDV.VN,Công ty Cổ phần Phát triển Hạ tầng Vĩnh Phúc,VnStock,0
IDP.VN,Công ty Cổ phần Sữa Quốc tế LOF,VnStock,0
IDJ.VN,Công ty Cổ phần Đầu tư IDJ Việt Nam,VnStock,0
IDI.VN,Công ty Cổ phần Đầu tư và Phát triển Đa Quốc Gia I.D.I,VnStock,1
IDC.VN,Tổng Công ty IDICO - CTCP,VnStock,0
ICT.VN,Công ty Cổ phần Viễn thông - Tin học Bưu điện,VnStock,1
ICN.VN,Công ty Cổ phần Đầu tư Xây dựng Dầu khí IDICO,VnStock,0
ICI.VN,Công ty Cổ phần Đầu tư và Xây dựng Công nghiệp,VnStock,0
ICG.VN,Công ty Cổ phần Xây dựng Sông Hồng,VnStock,0
ICF.VN,Công ty Cổ phần Đầu tư - Thương mại - Thuỷ sản,VnStock,0
ICC.VN,Công ty Cổ phần Xây dựng Công nghiệp,VnStock,0
IBN.VN,Công ty Cổ phần In báo Nghệ An,VnStock,0
IBD.VN,Công ty Cổ phần In Tổng hợp Bình Dương,VnStock,0
IBC.VN,Công ty Cổ phần Đầu tư APAX Holdings,VnStock,0
HWS.VN,Công ty Cổ phần Cấp nước Huế,VnStock,0
HVX.VN,Công ty Cổ phần Xi măng Vicem Hải Vân,VnStock,1
HVT.VN,Công ty Cổ phần Hóa chất Việt Trì,VnStock,0
HVN.VN,Tổng Công ty Hàng không Việt Nam - CTCP,VnStock,1
HVH.VN,Công ty Cổ phần Đầu tư và Công nghệ HVC,VnStock,1
HVG.VN,Công ty Cổ phần Hùng Vương,VnStock,0
HVA.VN,Công ty Cổ phần Đầu tư HVA,VnStock,0
HUX.VN,,VnStock,0
HUT.VN,Công ty Cổ phần Tasco,VnStock,0
HUG.VN,Tổng công ty May Hưng Yên - Công ty Cổ phần,VnStock,0
HUB.VN,Công ty Cổ phần Xây lắp Thừa Thiên Huế,VnStock,1
HU6.VN,Công ty Cổ phần Đầu tư Phát triển Nhà và Đô thị HUD6,VnStock,0
HU4.VN,Công ty Cổ phần Đầu tư và Xây dựng HUD4,VnStock,0
HU3.VN,Công ty Cổ phần Đầu tư và Xây dựng HUD3,VnStock,0
HU1.VN,Công ty Cổ phần Đầu tư và Xây dựng HUD1,VnStock,1
HTW.VN,Công ty Cổ phần Cấp nước Hà Tĩnh,VnStock,0
HTV.VN,Công ty Cổ phần Logistics Vicem,VnStock,1
HTT.VN,Công ty Cổ phần Thương mại Hà Tây,VnStock,0
HTR.VN,Công ty Cổ phần Đường sắt Hà Thái,VnStock,0
HTP.VN,Công ty Cổ phần In Sách Giáo Khoa Hòa Phát,VnStock,0
HTN.VN,Công ty Cổ phần Hưng Thịnh Incons,VnStock,1
HTM.VN,Tổng Công ty Thương mại Hà Nội – Công ty cổ phần,VnStock,0
HTL.VN,Công ty Cổ phần Kỹ thuật và Ô tô Trường Long,VnStock,1
HTK.VN,,VnStock,0
HTI.VN,Công ty Cổ phần Đầu tư Phát triển Hạ tầng IDICO,VnStock,1
HTH.VN,Công ty Cổ phần Hoa tiêu Hàng hải - TKV,VnStock,0
HTG.VN,Tổng Công ty Cổ phần Dệt may Hòa Thọ,VnStock,1
HTE.VN,Công ty Cổ phần Đầu tư Kinh doanh Điện lực Thành phố Hồ Chí Minh,VnStock,0
HTC.VN,Công ty Cổ phần Thương mại Hóc Môn,VnStock,0
HT1.VN,Công ty Cổ phần Xi măng VICEM Hà Tiên,VnStock,1
HSV.VN,Công ty Cổ phần Tập đoàn HSV Việt Nam,VnStock,0
HSP.VN,Công ty Cổ phần Sơn Tổng hợp Hà Nội,VnStock,0
HSM.VN,Tổng Công ty Cổ phần Dệt May Hà Nội,VnStock,0
HSL.VN,Công ty Cổ phần Đầu tư Phát triển Thực phẩm Hồng Hà,VnStock,1
HSI.VN,Công ty Cổ phần Vật tư Tổng hợp và Phân bón Hóa sinh,VnStock,0
HSG.VN,Công ty Cổ phần Tập đoàn Hoa Sen,VnStock,1
HSA.VN,Công ty Cổ phần HESTIA,VnStock,0
HRT.VN,Công ty Cổ phần Vận tải đường sắt Hà Nội,VnStock,0
HRC.VN,Công ty Cổ phần Cao su Hòa Bình,VnStock,1
HRB.VN,Công ty Cổ phần Harec Đầu tư và Thương Mại,VnStock,0
HQC.VN,Công ty Cổ phần Tư vấn - Thương mại - Dịch vụ Địa ốc Hoàng Quân,VnStock,1
HPX.VN,Công ty Cổ phần Đầu tư Hải Phát,VnStock,1
HPW.VN,Công ty Cổ phần Cấp nước Hải Phòng,VnStock,0
HPT.VN,Công ty Cổ phần Dịch vụ Công nghệ Tin học HPT,VnStock,0
HPP.VN,Công ty Cổ phần Sơn Hải Phòng,VnStock,0
HPO.VN,Công ty Cổ phần Công nghiệp Hapulico,VnStock,0
HPM.VN,Công ty Cổ phần Xây dựng Thương mại và Khoáng sản Hoàng Phúc,VnStock,0
HPI.VN,Công ty Cổ phần Khu công nghiệp Hiệp Phước,VnStock,0
HPH.VN,Công ty Cổ phần Hóa Chất Hưng Phát Hà Bắc,VnStock,0
HPG.VN,Công ty Cổ phần Tập đoàn Hòa Phát,VnStock,1
HPD.VN,Công ty Cổ phần Thủy điện Đăk Đoa,VnStock,0
HPB.VN,Công ty Cổ phần Bao bì PP,VnStock,0
HOT.VN,Công ty Cổ phần Du lịch - Dịch vụ Hội An,VnStock,0
HOM.VN,Công ty Cổ phần Xi măng VICEM Hoàng Mai,VnStock,0
HNT.VN,Công ty Cổ phần Xe điện Hà Nội,VnStock,0
HNR.VN,Công ty Cổ phần Rượu và Nước Giải Khát Hà Nội,VnStock,0
HNP.VN,Công ty Cổ phần Hanel Xốp Nhựa,VnStock,0
HNM.VN,Công ty Cổ phần Sữa Hà Nội,VnStock,0
HNI.VN,Công ty Cổ phần May Hữu Nghị,VnStock,0
HNG.VN,Công ty Cổ phần Nông nghiệp Quốc tế Hoàng Anh Gia Lai,VnStock,0
HNF.VN,Công ty Cổ phần Thực phẩm Hữu Nghị,VnStock,0
HNE.VN,,VnStock,0
HND.VN,Công ty Cổ phần Nhiệt điện Hải Phòng,VnStock,0
HNB.VN,Công ty Cổ phần Bến xe Hà Nội,VnStock,0
HNA.VN,Công ty Cổ phần Thủy điện Hủa Na,VnStock,1
HMS.VN,Công ty Cổ phần Xây dựng Bảo tàng Hồ Chí Minh,VnStock,0
HMR.VN,Công ty Cổ phần Đá Hoàng Mai,VnStock,0
HMH.VN,Công ty Cổ phần Hải Minh,VnStock,0
HMG.VN,Công ty Cổ phần Kim Khí Hà Nội - VNSTEEL,VnStock,0
HMD.VN,Công ty Cổ phần Hóa chất Minh Đức,VnStock,0
HMC.VN,Công ty Cổ phần Kim khí Thành phố Hồ Chí Minh - VNSTEEL,VnStock,1
HLY.VN,Công ty Cổ phần Gốm xây dựng Yên Hưng,VnStock,0
HLT.VN,Công ty Cổ phần Dệt may Hoàng Thị Loan,VnStock,0
HLS.VN,Công ty Cổ phần Sứ kỹ thuật Hoàng Liên Sơn,VnStock,0
HLR.VN,Công ty Cổ phần Đường sắt Hà Lạng,VnStock,0
HLO.VN,Công Ty Cổ Phần Công Nghệ Ha Lô,VnStock,0
HLG.VN,Công ty Cổ phần Tập đoàn Hoàng Long,VnStock,0
HLE.VN,Công ty Cổ phần Điện chiếu sáng Hải Phòng,VnStock,0
HLD.VN,Công ty Cổ phần Đầu tư và Phát triển Bất động sản HUDLAND,VnStock,0
HLC.VN,Công ty Cổ phần Than Hà Lầm - Vinacomin,VnStock,0
HLB.VN,Công ty Cổ phần Bia và Nước giải khát Hạ Long,VnStock,0
HLA.VN,Công ty Cổ phần Hữu Liên Á Châu,VnStock,0
HKT.VN,Công ty Cổ phần Đầu tư QP Xanh,VnStock,0
HKP.VN,Công ty Cổ phần Bao bì Hà Tiên,VnStock,0
HKB.VN,Công ty Cổ phần Nông nghiệp và Thực phẩm Hà Nội - Kinh Bắc,VnStock,0
HJS.VN,Công ty Cổ phần Thủy điện Nậm Mu,VnStock,0
HJC.VN,Công ty Cổ phần Hoà Việt,VnStock,0
HIO.VN,Công ty Cổ Phần Helio Energy,VnStock,0
HII.VN,Công ty Cổ phần An Tiến Industries,VnStock,1
HIG.VN,Công ty Cổ phần Tập đoàn HIPT,VnStock,0
HID.VN,Công ty Cổ phần Halcom Vietnam,VnStock,1
HHV.VN,Công ty Cổ phần Đầu tư Hạ tầng Giao thông Đèo Cả,VnStock,1
HHS.VN,Công ty Cổ phần Đầu tư Dịch vụ Hoàng Huy,VnStock,1
HHR.VN,Công ty Cổ phần Đường sắt Hà Hải,VnStock,0
HHP.VN,Công ty Cổ phần HHP Global,VnStock,1
HHN.VN,Công ty Cổ phần Vận tải và Dịch vụ Hàng hóa Hà Nội,VnStock,0
HHG.VN,Công ty Cổ phần Hoàng Hà,VnStock,0
HHC.VN,Công ty Cổ phần Bánh kẹo Hải Hà,VnStock,0
HHB.VN,Công ty Cổ Phần Bia Hà Nội - Hồng Hà,VnStock,0
HGW.VN,Công ty Cổ phần Cấp thoát nước - Công trình Đô thị Hậu Giang,VnStock,0
HGT.VN,Công ty Cổ phần Du lịch Hương Giang,VnStock,0
HGR.VN,,VnStock,0
HGM.VN,Công ty Cổ phần Cơ khí và Khoáng sản Hà Giang,VnStock,0
HGC.VN,,VnStock,0
HGA.VN,,VnStock,0
HFX.VN,Công ty Cổ phần Sản xuất - Xuất nhập khẩu Thanh Hà,VnStock,0
HFC.VN,Công ty Cổ phần Xăng dầu HFC,VnStock,0
HFB.VN,Công ty Cổ phần Công trình Cầu phà Thành phố Hồ Chí Minh,VnStock,0
HEV.VN,Công ty Cổ phần Sách Đại học - Dạy nghề,VnStock,0
HES.VN,Công ty Cổ phần Dịch vụ Giải trí Hà Nội,VnStock,0
HEP.VN,Công ty Cổ phần Môi trường và Công trình đô thị Huế,VnStock,0
HEM.VN,Công ty Cổ phần Chế tạo Điện cơ Hà Nội,VnStock,0
HEJ.VN,Tổng Công ty Tư vấn Xây dựng Thủy Lợi Việt Nam - CTCP,VnStock,0
HEC.VN,Công ty Cổ phần Tư vấn xây dựng Thủy Lợi II,VnStock,0
HDW.VN,Công ty Cổ phần Kinh doanh Nước sạch Hải Dương,VnStock,0
HDS.VN,Công ty Cổ phần Giống cây trồng Hải Dương,VnStock,0
HDP.VN,Công ty Cổ phần Dược Hà Tĩnh,VnStock,0
HDO.VN,Công ty Cổ phần Hưng Đạo Container,VnStock,0
HDM.VN,Công ty Cổ phần Dệt May Huế,VnStock,0
HDG.VN,Công ty Cổ phần Tập đoàn Hà Đô,VnStock,1
HDC.VN,Công ty Cổ phần Phát triển Nhà Bà Rịa Vũng Tàu,VnStock,1
HDB.VN,Ngân hàng Thương mại Cổ phần Phát Triển Thành phố Hồ Chí Minh,VnStock,1
HDA.VN,Công ty Cổ phần Hãng sơn Đông Á,VnStock,0
HD8.VN,Công ty Cổ phần Đầu tư Phát triển Nhà và Đô thị HUD8,VnStock,0
HD6.VN,Công ty Cổ phần Đầu tư và Phát triển nhà số 6 Hà Nội,VnStock,0
HD2.VN,Công ty Cổ phần Đầu tư phát triển nhà HUD2,VnStock,0
HCT.VN,Công ty Cổ phần Thương mại - Dịch vụ - Vận tải Xi măng Hải Phòng,VnStock,0
HCM.VN,Công ty Cổ phần Chứng khoán Thành phố Hồ Chí Minh,VnStock,1
HCI.VN,Công ty Cổ phần Đầu tư - Xây dựng Hà Nội,VnStock,0
HCD.VN,Công ty Cổ phần Đầu tư Sản xuất và Thương mại HCD,VnStock,1
HCC.VN,Công ty Cổ phần Bê tông Hòa Cầm - Intimex,VnStock,0
HCB.VN,Công ty Cổ phần Dệt may 29/3,VnStock,0
HC3.VN,Công ty Cổ phần Xây dựng số 3 Hải Phòng,VnStock,0
HC1.VN,Công ty Cổ phần Xây dựng số 1 Hà Nội,VnStock,0
HBS.VN,Công ty Cổ phần Chứng khoán Hòa Bình,VnStock,0
HBH.VN,Công ty Cổ phần HABECO - Hải Phòng,VnStock,0
HBD.VN,Công ty Cổ phần Bao bì PP Bình Dương,VnStock,0
HBC.VN,Công ty Cổ phần Tập đoàn Xây dựng Hòa Bình,VnStock,0
HAX.VN,Công ty Cổ phần Dịch vụ Ô tô Hàng Xanh,VnStock,1
HAW.VN,,VnStock,0
HAV.VN,Công ty Cổ phần Rượu Hapro,VnStock,0
HAT.VN,Công ty Cổ phần Thương mại Bia Hà Nội,VnStock,0
HAS.VN,Công ty Cổ phần Hacisco,VnStock,1
HAR.VN,Công ty Cổ phần Đầu tư Thương mại Bất động sản An Dương Thảo Điền,VnStock,1
HAP.VN,Công ty Cổ phần Tập Đoàn Hapaco,VnStock,1
HAN.VN,Tổng Công ty Xây dựng Hà Nội - CTCP,VnStock,0
HAM.VN,Công ty Cổ phần Vật tư Hậu Giang,VnStock,0
HAI.VN,Công ty Cổ phần Nông dược HAI,VnStock,0
HAH.VN,Công ty Cổ phần Vận tải và Xếp dỡ Hải An,VnStock,1
HAG.VN,Công ty Cổ phần Hoàng Anh Gia Lai,VnStock,1
HAF.VN,Công ty Cổ phần Thực phẩm Hà Nội,VnStock,0
HAD.VN,Công ty Cổ phần Bia Hà Nội - Hải Dương,VnStock,0
HAC.VN,Công ty Cổ phần Chứng khoán Hải Phòng,VnStock,0
HAB.VN,,VnStock,0
H11.VN,Công ty Cổ phần Xây dựng HUD101,VnStock,0
GVT.VN,Công ty Cổ phần Giấy Việt Trì,VnStock,0
GVR.VN,Tập đoàn Công nghiệp Cao su Việt Nam - Công ty Cổ phần,VnStock,1
GTT.VN,Công ty Cổ phần Thuận Thảo,VnStock,0
GTS.VN,Công ty Cổ phần Công trình Giao thông Sài Gòn,VnStock,0
GTK.VN,,VnStock,0
GTH.VN,Công ty Cổ phần Xây dựng Giao thông Thừa Thiên Huế,VnStock,0
GTD.VN,Công ty Cổ phần Giầy Thượng Đình,VnStock,0
GTA.VN,Công ty Cổ phần Chế biến Gỗ Thuận An,VnStock,1
GSP.VN,Công ty Cổ phần Vận tải Sản phẩm Khí Quốc tế,VnStock,1
GSM.VN,Công ty Cổ phần Thủy điện Hương Sơn,VnStock,0
GQN.VN,,VnStock,0
GPC.VN,Công ty Cổ phần Tập đoàn Green+,VnStock,0
GND.VN,Công ty Cổ phần Gạch ngói Đồng Nai,VnStock,0
GMX.VN,Công ty Cổ phần Gạch ngói Gốm xây dựng Mỹ Xuân,VnStock,0
GMH.VN,Công ty Cổ phần Minh Hưng Quảng Trị,VnStock,1
GMD.VN,Công ty Cổ phần Gemadept,VnStock,1
GMC.VN,Công ty Cổ phần Garmex Sài Gòn,VnStock,0
GMA.VN,Công ty Cổ phần G-Automobile,VnStock,0
GLW.VN,Công ty Cổ phần Cấp thoát nước Gia Lai,VnStock,0
GLT.VN,Công ty Cổ phần Kỹ thuật điện Toàn Cầu,VnStock,0
GLC.VN,Công ty Cổ phần Vàng Lào Cai,VnStock,0
GKM.VN,Công ty Cổ phần GKM Holdings,VnStock,0
GIL.VN,Công ty Cổ phần Sản xuất Kinh doanh Xuất nhập khẩu Bình Thạnh,VnStock,1
GIC.VN,Công ty Cổ phần VSC Green Logistics,VnStock,0
GHC.VN,Công ty Cổ phần Thủy điện Gia Lai,VnStock,0
GH3.VN,Công ty Cổ phần Công trình giao thông Hà Nội,VnStock,0
GGG.VN,Công ty Cổ phần Ô tô Giải Phóng,VnStock,0
GEX.VN,Công ty Cổ phần Tập đoàn Gelex,VnStock,1
GER.VN,Công ty Cổ phần Thể thao Ngôi sao Geru,VnStock,0
GEG.VN,Công ty Cổ phần Điện Gia Lai,VnStock,1
GEE.VN,Công ty Cổ phần Điện lực Gelex,VnStock,1
GE2.VN,Tổng Công ty Phát điện 2,VnStock,0
GDW.VN,Công ty Cổ phần Cấp nước Gia Định,VnStock,0
GDT.VN,Công ty Cổ phần Chế biến Gỗ Đức Thành,VnStock,1
GDA.VN,Công ty Cổ phần Tôn Đông Á,VnStock,0
GCF.VN,Công ty Cổ phần Thực phẩm G.C,VnStock,0
GCB.VN,Công ty Cổ phần PETEC Bình Định,VnStock,0
GAS.VN,Tổng Công ty Khí Việt Nam - Công ty Cổ phần,VnStock,1
GAB.VN,Công ty Cổ phần Đầu tư Khai khoáng & Quản lý Tài sản FLC,VnStock,0
G36.VN,Tổng Công ty 36 - Công ty Cổ phần,VnStock,0
G20.VN,Công ty Cổ phần Đầu tư Dệt may Vĩnh Phúc,VnStock,0
FTS.VN,Công ty Cổ phần Chứng khoán FPT,VnStock,1
FTM.VN,Công ty Cổ phần Đầu tư và Phát triển Đức Quân,VnStock,0
FTI.VN,Công ty Cổ phần Công nghiệp - Thương mại Hữu Nghị,VnStock,0
FT1.VN,Công ty Cổ phần Phụ tùng máy số 1,VnStock,0
FSO.VN,Công ty Cổ phần Cơ khí đóng tàu thủy sản Việt Nam,VnStock,0
FRT.VN,Công ty Cổ phần Bán lẻ Kỹ thuật số FPT,VnStock,1
FRM.VN,Công ty Cổ phần Lâm nghiệp Sài Gòn,VnStock,0
FRC.VN,Công ty Cổ phần Lâm đặc sản xuất khẩu Quảng Nam,VnStock,0
FPT.VN,Công ty Cổ phần FPT,VnStock,1
FOX.VN,Công ty Cổ phần Viễn thông FPT,VnStock,0
FOC.VN,Công ty Cổ phần Dịch vụ Trực tuyến FPT,VnStock,0
FMC.VN,Công ty Cổ phần Thực phẩm Sao Ta,VnStock,1
FLC.VN,Công ty Cổ phần Tập đoàn FLC,VnStock,0
FIT.VN,Công ty Cổ phần Tập đoàn F.I.T,VnStock,1
FIR.VN,Công ty Cổ phần Địa ốc First Real,VnStock,1
FID.VN,Công ty Cổ phần Đầu tư và Phát triển Doanh nghiệp Việt Nam,VnStock,0
FIC.VN,Tổng Công ty Vật liệu Xây dựng số 1 - Công ty Cổ phần,VnStock,0
FHS.VN,Công ty Cổ phần Phát hành sách Thành phố Hồ Chí Minh - FAHASA,VnStock,0
FHN.VN,Công ty Cổ phần Xuất nhập khẩu Lương thực - Thực phẩm Hà Nội,VnStock,0
FGL.VN,Công ty Cổ phần Cà phê Gia Lai,VnStock,0
FDG.VN,Công ty Cổ phần Docimexco,VnStock,0
FDC.VN,Công ty Cổ phần Ngoại thương và Phát triển Đầu tư Thành phố Hồ Chí Minh,VnStock,1
FCS.VN,Công ty Cổ phần Lương thực Thành phố Hồ Chí Minh,VnStock,0
FCN.VN,Công ty Cổ phần FECON,VnStock,1
FCM.VN,Công ty Cổ phần Bê tông Phan Vũ Hà Nam,VnStock,1
FCC.VN,Công ty Cổ phần Liên hợp Thực phẩm,VnStock,0
FBC.VN,Công ty Cổ phần Cơ khí Phổ Yên,VnStock,0
FBA.VN,Công ty Cổ phần Tập đoàn Quốc tế FBA,VnStock,0
F88.VN,Công ty Cổ phần Đầu tư F88,VnStock,0
EVS.VN,Công ty Cổ phần Chứng khoán EVS,VnStock,0
EVG.VN,Công ty Cổ phần Tập đoàn Everland,VnStock,1
EVF.VN,Công ty Tài chính Tổng hợp Cổ phần Điện Lực,VnStock,1
EVE.VN,Công ty Cổ phần Everpia,VnStock,1
EPH.VN,Công ty Cổ phần Dịch vụ Xuất bản Giáo dục Hà Nội,VnStock,0
EPC.VN,Công ty Cổ phần Cà Phê Ea Pốk,VnStock,0
EMS.VN,Tổng Công ty Chuyển phát nhanh Bưu điện - Công ty Cổ phần,VnStock,0
EMG.VN,Công ty Cổ phần Thiết bị Phụ tùng Cơ điện,VnStock,0
EME.VN,Công ty Cổ phần Điện Cơ,VnStock,0
EMC.VN,Công ty Cổ phần Cơ điện Thủ Đức,VnStock,0
ELC.VN,Công ty Cổ phần Công nghệ - Viễn thông ELCOM,VnStock,1
EIN.VN,Công ty Cổ phần Đầu tư - Thương Mại - Dịch vụ Điện lực,VnStock,0
EID.VN,Công ty Cổ phần Đầu tư và Phát triển Giáo dục Hà Nội,VnStock,0
EIC.VN,Công ty Cổ phần EVN Quốc Tế,VnStock,0
EIB.VN,Ngân hàng Thương mại Cổ phần Xuất nhập khẩu Việt Nam,VnStock,1
EGL.VN,Công ty Cổ phần Môi Trường Đô Thị Gia Lâm,VnStock,0
EFI.VN,Công ty Cổ phần Đầu tư Tài chính Giáo dục,VnStock,0
ECO.VN,Công ty Cổ Phần Nhựa Sinh Thái Việt Nam,VnStock,0
ECI.VN,Công ty Cổ phần Tập đoàn ECI,VnStock,0
EBS.VN,Công ty Cổ phần Sách Giáo dục tại Thành phố Hà Nội,VnStock,0
EAD.VN,Công ty Cổ phần Thủy điện Điện lực Đắk Lắk,VnStock,0
E29.VN,Công ty cổ phần Đầu tư Xây dựng và Kỹ thuật 29,VnStock,0
E12.VN,Công ty Cổ phần Xây Dựng Điện VNECO 12,VnStock,0
DZM.VN,Công ty Cổ phần Cơ điện Dzĩ An,VnStock,0
DXV.VN,Công ty Cổ phần VICEM Vật liệu Xây dựng Đà Nẵng,VnStock,1
DXS.VN,Công ty Cổ phần Dịch vụ Bất động sản Đất Xanh,VnStock,1
DXP.VN,Công ty Cổ phần Cảng Đoạn Xá,VnStock,0
DXL.VN,Công ty Cổ phần Du lịch và Xuất nhập khẩu Lạng Sơn,VnStock,0
DXG.VN,Công ty Cổ phần Tập đoàn Đất Xanh,VnStock,1
DX2.VN,,VnStock,0
DWS.VN,Công ty Cổ phần Cấp nước và Môi trường Đô thị Đồng Tháp,VnStock,0
DWC.VN,Công ty Cổ phần Cấp nước Đắk Lắk,VnStock,0
DVW.VN,Công ty Cổ phần Dịch vụ và Xây dựng cấp nước Đồng Nai,VnStock,0
DVT.VN,Trung tâm Đào tạo nghiệp vụ Giao thông vận tải Bình Định,VnStock,0
DVP.VN,Công ty Cổ phần Đầu tư và Phát triển Cảng Đình Vũ,VnStock,1
DVN.VN,Tổng Công ty Dược Việt Nam - CTCP,VnStock,0
DVM.VN,Công ty Cổ phần Dược liệu Việt Nam,VnStock,0
DVG.VN,Công ty Cổ phần Đại Việt Group DVG,VnStock,0
DVC.VN,Công ty Cổ phần Thương mại dịch vụ Tổng Hợp Cảng Hải Phòng,VnStock,0
DUS.VN,Công ty Cổ phần Dịch vụ Đô thị Đà Lạt,VnStock,0
DTV.VN,Công ty Cổ phần Phát triển điện Trà Vinh,VnStock,0
DTT.VN,Công ty Cổ phần Kỹ nghệ Đô Thành,VnStock,1
DTP.VN,Công ty Cổ phần Dược phẩm CPC1 Hà Nội,VnStock,0
DTL.VN,Công ty Cổ phần Đại Thiên Lộc,VnStock,1
DTK.VN,Tổng Công ty Điện lực TKV - Công ty Cổ phần,VnStock,0
DTI.VN,Công ty Cổ phần Đầu tư Đức Trung,VnStock,0
DTH.VN,Công ty Cổ phần Dược - Vật tư Y tế Thanh Hóa,VnStock,0
DTG.VN,Công ty Cổ phần Dược phẩm Tipharco,VnStock,0
DTE.VN,Công ty Cổ phần Đầu tư Năng lượng Đại Trường Thành Holdings,VnStock,0
DTD.VN,Công ty Cổ phần Đầu tư Phát triển Thành Đạt,VnStock,0
DTC.VN,Công ty Cổ phần Viglacera Đông Triều,VnStock,0
DTB.VN,Công ty Cổ phần Công trình Đô thị Bảo Lộc,VnStock,0
DTA.VN,Công ty Cổ phần Đệ Tam,VnStock,1
DT4.VN,Công ty Cổ phần Quản lý Đường sông số 4,VnStock,0
DSV.VN,Công ty Cổ phần Đường sắt Vĩnh Phú,VnStock,0
DST.VN,Công ty Cổ phần Đầu tư Sao Thăng Long,VnStock,0
DSP.VN,Công ty Cổ phần Dịch vụ Du lịch Phú Thọ,VnStock,0
DSN.VN,Công ty Cổ phần Công viên nước Đầm Sen,VnStock,1
DSH.VN,Công ty Cổ Phần Đầu tư Hạ tầng Đông Sơn,VnStock,0
DSG.VN,Công ty Cổ phần Kính Đáp Cầu,VnStock,0
DSE.VN,Công ty Cổ phần Chứng khoán DNSE,VnStock,1
DSD.VN,Công ty cổ phần DHC Suối Đôi,VnStock,0
DSC.VN,Công ty Cổ phần Chứng khoán DSC,VnStock,1
DS3.VN,Công ty Cổ phần DS3,VnStock,0
DRL.VN,Công ty Cổ phần Thủy điện - Điện lực 3,VnStock,1
DRI.VN,Công ty Cổ phần Đầu tư Cao su Đắk Lắk,VnStock,0
DRH.VN,Công ty Cổ phần DRH Holdings,VnStock,1
DRG.VN,Công ty Cổ phần Cao su Đắk Lắk,VnStock,0
DRC.VN,Công ty Cổ phần Cao su Đà Nẵng,VnStock,1
DQC.VN,Công ty Cổ phần Tập đoàn Điện Quang,VnStock,1
DPS.VN,Công ty Cổ phần Đầu tư Phát triển Sóc Sơn,VnStock,0
DPR.VN,Công ty Cổ phần Cao su Đồng Phú,VnStock,1
DPP.VN,Công ty Cổ phần Dược Đồng Nai,VnStock,0
DPM.VN,Tổng Công ty Phân bón và Hóa chất Dầu khí - Công ty Cổ phần,VnStock,1
DPH.VN,Công ty Cổ phần Dược phẩm Hải Phòng,VnStock,0
DPG.VN,Công ty Cổ phần Tập đoàn Đạt Phương,VnStock,1
DPD.VN,Công ty cổ phần Cao su Đồng Phú - Đắk Nông,VnStock,0
DPC.VN,Công ty Cổ phần Nhựa Đà Nẵng,VnStock,0
DP3.VN,Công ty Cổ Phần Dược Phẩm Trung Ương 3,VnStock,0
DP2.VN,Công ty Cổ phần Dược phẩm Trung ương 2,VnStock,0
DP1.VN,Công ty Cổ phần Dược phẩm Trung ương CPC1,VnStock,0
DOP.VN,Công ty Cổ phần Vận tải Xăng dầu Đồng Tháp,VnStock,0
DOC.VN,Công ty Cổ phần Vật tư nông nghiệp Đồng Nai,VnStock,0
DNW.VN,Công ty Cổ phần Cấp nước Đồng Nai,VnStock,0
DNT.VN,Công ty Cổ phần Du lịch Đồng Nai,VnStock,0
DNP.VN,Công ty Cổ phần DNP Holding,VnStock,0
DNN.VN,Công ty Cổ phần Cấp nước Đà Nẵng,VnStock,0
DNM.VN,Tổng Công ty Cổ phần Y tế Danameco,VnStock,0
DNL.VN,Công ty Cổ phần Logistics Cảng Đà Nẵng,VnStock,0
DNH.VN,Công ty Cổ phần Thủy điện Đa Nhim - Hàm Thuận - Đa Mi,VnStock,0
DNE.VN,Công ty Cổ phần Môi trường Đô thị Đà Nẵng,VnStock,0
DND.VN,Công ty Cổ phần Đầu tư Xây dựng và Vật liệu Đồng Nai,VnStock,0
DNC.VN,Công ty Cổ phần Điện nước Lắp máy Hải Phòng,VnStock,0
DNB.VN,,VnStock,0
DNA.VN,Công ty Cổ phần Điện nước An Giang,VnStock,0
DMS.VN,Công ty Cổ phần Hóa phẩm dầu khí DMC - Miền Nam,VnStock,0
DMN.VN,Công ty Cổ phần Domenal,VnStock,0
DMC.VN,Công ty Cổ phần Xuất nhập khẩu Y tế DOMESCO,VnStock,1
DM7.VN,Công ty Cổ phần Dệt may 7,VnStock,0
DLT.VN,Công ty Cổ phần Du lịch và Thương mại - Vinacomin,VnStock,0
DLR.VN,Công ty Cổ phần Địa ốc Đà Lạt,VnStock,0
DLM.VN,Công ty Cổ phần Chiếu sáng công cộng Đà Nẵng,VnStock,0
DLG.VN,Công ty Cổ phần Tập đoàn Đức Long Gia Lai,VnStock,1
DLD.VN,Công ty Cổ phần Du lịch Đắk Lắk,VnStock,0
DL1.VN,Công ty Cổ phần Tập đoàn Alpha Seven,VnStock,0
DKW.VN,Công ty Cổ phần Cấp nước sinh hoạt Châu Thành,VnStock,0
DKH.VN,,VnStock,0
DKG.VN,Công ty Cổ Phần Tập đoàn DamiK,VnStock,0
DKC.VN,Công ty Cổ phần Chợ Lạng Sơn,VnStock,0
DIH.VN,Công ty Cổ phần Đầu tư Phát triển Xây dựng - Hội An,VnStock,0
DIG.VN,Tổng Công ty Cổ phần Đầu tư Phát triển Xây dựng,VnStock,1
DID.VN,Công ty Cổ phần DIC - Đồng Tiến,VnStock,0
DIC.VN,Công ty Cổ phần Đầu tư và Thương mại DIC,VnStock,0
DHT.VN,Công ty Cổ phần Dược phẩm Hà Tây,VnStock,0
DHP.VN,Công ty Cổ phần Điện cơ Hải Phòng,VnStock,0
DHN.VN,Công ty Cổ phần Dược phẩm Hà Nội,VnStock,0
DHM.VN,Công ty Cổ phần Thương mại & Khai thác Khoáng sản Dương Hiếu,VnStock,1
DHG.VN,Công ty Cổ phần Dược Hậu Giang,VnStock,1
DHD.VN,Công ty Cổ phần Dược Vật Tư Y Tế Hải Dương,VnStock,0
DHC.VN,Công ty Cổ phần Đông Hải Bến Tre,VnStock,1
DHB.VN,Công ty Cổ phần Phân đạm và Hóa chất Hà Bắc,VnStock,0
DHA.VN,Công ty Cổ phần Hóa An,VnStock,1
DGW.VN,Công ty Cổ phần Thế Giới Số,VnStock,1
DGT.VN,Công ty Cổ phần Công trình Giao thông Đồng Nai,VnStock,0
DGC.VN,Công ty Cổ phần Tập đoàn Hóa chất Đức Giang,VnStock,1
DFF.VN,Công ty Cổ phần Tập đoàn Đua Fat,VnStock,0
DFC.VN,Công ty Cổ phần Xích líp Đông Anh,VnStock,0
DDV.VN,Công ty Cổ phần DAP - Vinachem,VnStock,0
DDN.VN,Công ty Cổ phần Dược - Thiết bị y tế Đà Nẵng,VnStock,0
DDM.VN,Công ty Cổ phần Hàng hải Đông Đô,VnStock,0
DDH.VN,Công ty Cổ phần Đảm bảo giao thông đường thủy Hải Phòng,VnStock,0
DDG.VN,Công ty Cổ phần Đầu tư Công nghiệp Xuất nhập khẩu Đông Dương,VnStock,0
DDB.VN,Công ty Cổ Phần Thương Mại Và Xây Dựng Đông Dương,VnStock,0
DCT.VN,Công ty Cổ phần Tấm lợp Vật liệu Xây dựng Đồng Nai,VnStock,0
DCS.VN,Công ty Cổ phần Tập đoàn EDX,VnStock,0
DCR.VN,Công ty Cổ phần Gạch men COSEVCO,VnStock,0
DCM.VN,Công ty Cổ phần - Tổng Công ty Phân bón Dầu Khí Cà Mau,VnStock,1
DCL.VN,Công ty Cổ phần Dược phẩm Cửu Long,VnStock,1
DCH.VN,Công ty Cổ phần Địa chính Hà Nội,VnStock,0
DCG.VN,Công ty Cổ phần Tổng Công ty May Đáp Cầu,VnStock,0
DCF.VN,Công ty Cổ phần Xây dựng và Thiết kế số 1,VnStock,0
DC4.VN,Công ty Cổ phần Dicera Holdings,VnStock,1
DC2.VN,Công ty Cổ phần Đầu tư Phát triển - Xây dựng (DIC) số 2,VnStock,0
DC1.VN,Công ty Cổ phần Đầu tư Phát triển Xây dựng số 1,VnStock,0
DBW.VN,Công ty Cổ phần Cấp nước Điện Biên,VnStock,0
DBT.VN,Công ty Cổ phần Dược phẩm Bến Tre,VnStock,1
DBM.VN,Công ty Cổ phần Dược - Vật tư Y tế Đắk Lắk,VnStock,0
DBH.VN,Công ty Cổ phần Đường bộ Hải Phòng,VnStock,0
DBD.VN,Công ty Cổ phần Dược - Trang thiết bị y tế Bình Định (BIDIPHAR),VnStock,1
DBC.VN,Công ty Cổ phần Tập đoàn Dabaco Việt Nam,VnStock,1
DAT.VN,Công ty Cổ phần Đầu tư Du lịch và Phát triển Thủy sản,VnStock,1
DAS.VN,Công ty Cổ phần Máy - Thiết bị Dầu khí Đà Nẵng,VnStock,0
DAR.VN,Công ty Cổ phần Xe lửa Dĩ An,VnStock,0
DAN.VN,Công ty Cổ phần Dược Danapha,VnStock,0
DAH.VN,Công ty Cổ phần Tập đoàn Khách sạn Đông Á,VnStock,1
DAG.VN,Công ty Cổ phần Tập đoàn Nhựa Đông Á,VnStock,0
DAE.VN,Công ty Cổ phần Sách Giáo dục tại Thành phố Đà Nẵng,VnStock,0
DAD.VN,Công ty Cổ phần Đầu tư và Phát triển Giáo dục Đà Nẵng,VnStock,0
DAC.VN,Công ty Cổ phần 382 Đông Anh,VnStock,0
D2D.VN,Công ty Cổ phần Phát triển Đô thị Công nghiệp số 2,VnStock,1
D17.VN,Công ty Cổ Phần Đồng Tân,VnStock,0
D11.VN,Công ty Cổ phần Địa ốc 11,VnStock,0
CYC.VN,Công ty Cổ phần Gạch men Chang Yih,VnStock,0
CX8.VN,Công ty Cổ phần Đầu tư và Xây lắp Constrexim số 8,VnStock,0
CVT.VN,Công ty Cổ phần CMC,VnStock,1
CVP.VN,Công ty cổ phần Cảng Cửa Việt,VnStock,0
CVN.VN,Công ty Cổ phần Vinam,VnStock,0
CTX.VN,Tổng Công ty Cổ phần Đầu tư Xây dựng và Thương mại Việt Nam,VnStock,0
CTW.VN,Công ty Cổ phần Cấp thoát nước Cần Thơ,VnStock,0
CTT.VN,Công ty Cổ phần Chế tạo máy - Vinacomin,VnStock,0
CTS.VN,Công ty Cổ phần Chứng khoán Ngân hàng Công thương Việt Nam,VnStock,1
CTR.VN,Tổng Công ty Cổ phần Công trình Viettel,VnStock,1
CTP.VN,Công ty Cổ phần Hoà Bình Takara,VnStock,0
CTN.VN,Công ty Cổ phần Xây dựng Công trình ngầm,VnStock,0
CTI.VN,Công ty Cổ phần Đầu tư Phát triển Cường Thuận IDICO,VnStock,1
CTG.VN,Ngân hàng Thương mại Cổ phần Công thương Việt Nam,VnStock,1
CTF.VN,Công ty Cổ phần City Auto,VnStock,1
CTD.VN,Công ty Cổ phần Xây dựng Coteccons,VnStock,1
CTC.VN,Công ty Cổ phần Tập đoàn Hoàng Kim Tây Nguyên,VnStock,0
CTB.VN,Công ty Cổ phần Chế tạo Bơm Hải Dương,VnStock,0
CTA.VN,Công ty Cổ phần Vinavico,VnStock,0
CT6.VN,Công ty Cổ phần Công trình 6,VnStock,0
CT5.VN,,VnStock,0
CT3.VN,Công ty Cổ phần Đầu tư và Xây dựng công trình 3,VnStock,0
CSV.VN,Công ty Cổ phần Hóa chất Cơ bản miền Nam,VnStock,1
CST.VN,Công ty Cổ phần Than Cao Sơn - TKV,VnStock,0
CSM.VN,Công ty Cổ phần Công nghiệp Cao su Miền Nam,VnStock,1
CSI.VN,Công ty Cổ phần Chứng khoán Kiến thiết Việt Nam,VnStock,0
CSC.VN,Công ty Cổ phần Tập đoàn COTANA,VnStock,0
CRV.VN,Công ty Cổ phần Tập đoàn Bất động sản CRV,VnStock,1
CRE.VN,Công ty Cổ phần Bất động sản Thế Kỷ,VnStock,1
CRC.VN,Công ty Cổ phần Create Capital Việt Nam,VnStock,1
CQT.VN,Công ty Cổ phần Xi măng Quán Triều VVMI,VnStock,0
CQN.VN,Công ty Cổ phần Cảng Quảng Ninh,VnStock,0
CPI.VN,Công ty Cổ phần Đầu tư Cảng Cái Lân,VnStock,0
CPH.VN,Công ty Cổ phần Phục vụ Mai táng Hải Phòng,VnStock,0
CPC.VN,Công ty Cổ phần Thuốc sát trùng Cần Thơ,VnStock,0
CPA.VN,Công ty Cổ phần Cà phê Phước An,VnStock,0
COM.VN,Công ty Cổ phần Vật tư Xăng dầu,VnStock,1
CNT.VN,Công ty Cổ phần Tập đoàn CNT,VnStock,0
CNN.VN,"Công ty Cổ phần Tư vấn Công nghệ, Thiết bị và Kiểm định Xây dựng - CONINCO",VnStock,0
CNG.VN,Công ty Cổ phần CNG Việt Nam,VnStock,1
CNC.VN,Công ty Cổ phần Công nghệ cao Traphaco,VnStock,0
CNA.VN,Công ty Cổ phần Tổng công ty Chè Nghệ An,VnStock,0
CMX.VN,Công ty Cổ phần CAMIMEX Group,VnStock,1
CMW.VN,Công ty Cổ phần Cấp nước Cà Mau,VnStock,0
CMV.VN,Công ty Cổ phần Thương nghiệp Cà Mau,VnStock,1
CMT.VN,Công ty Cổ phần Công nghệ mạng và Truyền thông,VnStock,0
CMS.VN,Công ty Cổ phần Tập đoàn CMH Việt Nam,VnStock,0
CMP.VN,Công ty Cổ phần Cảng Chân Mây,VnStock,0
CMN.VN,Công ty Cổ phần Lương thực Thực phẩm Colusa - Miliket,VnStock,0
CMM.VN,Công ty Cổ phần Camimex,VnStock,0
CMK.VN,Công ty Cổ phần Cơ khí Mạo Khê - Vinacomin,VnStock,0
CMI.VN,Công ty Cổ phần CMISTONE Việt Nam,VnStock,0
CMG.VN,Công ty Cổ phần Tập đoàn Công nghệ CMC,VnStock,1
CMF.VN,Công ty Cổ phần Thực phẩm Cholimex,VnStock,0
CMD.VN,Công ty Cổ phần Vật liệu xây dựng và Trang trí nội thất TP Hồ Chí Minh,VnStock,0
CMC.VN,Công ty Cổ phần Đầu tư CMC,VnStock,0
CLX.VN,Công ty Cổ phần Xuất nhập khẩu và Đầu tư Chợ Lớn (CHOLIMEX),VnStock,0
CLW.VN,Công ty Cổ phần Cấp nước Chợ Lớn,VnStock,1
CLM.VN,Công ty Cổ phần Xuất nhập khẩu Than - Vinacomin,VnStock,0
CLL.VN,Công ty Cổ phần Cảng Cát Lái,VnStock,1
CLH.VN,Công ty Cổ phần Xi măng La Hiên VVMI,VnStock,0
CLG.VN,Công ty Cổ phần Đầu tư và Phát triển Nhà đất Cotec,VnStock,0
CLC.VN,Công ty Cổ phần Cát Lợi,VnStock,1
CKV.VN,Công ty Cổ phần CokyVina,VnStock,0
CKG.VN,Công ty Cổ phần Tập đoàn CIC,VnStock,1
CKD.VN,Công ty Cổ phần Cơ khí Đông Anh Licogi,VnStock,0
CKA.VN,Công ty Cổ phần Cơ khí An Giang,VnStock,0
CK8.VN,Công ty Cổ phần Cơ khí 120,VnStock,0
CJC.VN,Công ty Cổ phần Cơ điện Miền Trung,VnStock,0
CIP.VN,Công ty Cổ phần Xây lắp và Sản xuất Công nghiệp,VnStock,0
CII.VN,Công ty Cổ phần Đầu tư Hạ tầng Kỹ thuật Thành phố Hồ Chí Minh,VnStock,1
CIG.VN,Công ty Cổ phần COMA 18,VnStock,1
CID.VN,Công ty Cổ phần Xây dựng và Phát triển Cơ sở Hạ tầng,VnStock,0
CIA.VN,Công ty Cổ Phần Dịch Vụ Sân Bay Quốc Tế Cam Ranh,VnStock,0
CI5.VN,Công ty Cổ phần Đầu tư Xây dựng số 5,VnStock,0
CHS.VN,Công ty Cổ phần Chiếu sáng Công cộng Thành phố Hồ Chí Minh,VnStock,0
CHP.VN,Công ty Cổ phần Thủy điện Miền Trung,VnStock,1
CHC.VN,Công ty Cổ phần Cẩm Hà,VnStock,0
CH5.VN,Công ty Cổ phần Xây dựng số 5 Hà Nội,VnStock,0
CGV.VN,Công ty Cổ phần Vinaceglass,VnStock,0
CGL.VN,Công ty Cổ phần Thương mại Gia Lai,VnStock,0
CFV.VN,Công ty Cổ phần Cà phê Thắng Lợi,VnStock,0
CFM.VN,Công ty Cổ phần Đầu tư CFM,VnStock,0
CET.VN,Công ty Cổ phần HTC Holding,VnStock,0
CEO.VN,Công ty Cổ phần Tập đoàn C.E.O,VnStock,0
CEN.VN,Công ty Cổ phần CENCON Việt Nam,VnStock,0
CEG.VN,Công ty Cổ phần Tập đoàn Xây dựng và Thiết bị Công nghiệp,VnStock,0
CEE.VN,Công ty Cổ phần Xây dựng Hạ tầng CII,VnStock,0
CE1.VN,Công ty Cổ phần Xây dựng và Thiết bị Công nghiệp CIE1,VnStock,0
CDR.VN,Công ty Cổ phần Xây dựng Cao su Đồng Nai,VnStock,0
CDP.VN,Công ty Cổ phần Dược phẩm Trung ương Codupha,VnStock,0
CDO.VN,Công ty Cổ phần Tư vấn Thiết kế và Phát triển Đô thị,VnStock,0
CDN.VN,Công ty Cổ phần Cảng Đà Nẵng,VnStock,0
CDH.VN,Công ty Cổ phần Công trình Công cộng và Dịch vụ Du lịch Hải Phòng,VnStock,0
CDG.VN,Công ty Cổ phần Cầu Đuống,VnStock,0
CDC.VN,Công ty Cổ phần Chương Dương,VnStock,1
CCV.VN,Công ty Cổ phần Tư vấn Xây dựng Công nghiệp và Đô thị Việt Nam,VnStock,0
CCT.VN,Công ty Cổ phần Cảng Cần Thơ,VnStock,0
CCR.VN,Công ty Cổ phần Cảng Cam Ranh,VnStock,0
CCP.VN,Công ty Cổ phần Cảng Cửa Cấm Hải Phòng,VnStock,0
CCM.VN,Công ty Cổ phần Khoáng sản và Xi măng Cần Thơ,VnStock,0
CCL.VN,Công ty Cổ phần Đầu tư và Phát triển Đô thị Dầu khí Cửu Long,VnStock,1
CCI.VN,Công ty Cổ phần Đầu tư Phát triển Công nghiệp Thương mại Củ Chi,VnStock,0
CCC.VN,Công ty Cổ Phần Xây Dựng CDC,VnStock,1
CCA.VN,Công ty Cổ phần Xuất nhập khẩu Thủy sản Cần Thơ,VnStock,0
CC4.VN,Công ty Cổ phần Đầu tư và Xây dựng số 4,VnStock,0
CC1.VN,Tổng Công ty Xây dựng số 1 - CTCP,VnStock,0
CBS.VN,Công ty Cổ phần Mía đường Cao Bằng,VnStock,0
CBI.VN,Công ty Cổ phần Gang thép Cao Bằng,VnStock,0
CAV.VN,Công ty Cổ Phần Dây cáp điện Việt Nam,VnStock,0
CAT.VN,Công ty Cổ phần Thủy sản Cà Mau,VnStock,0
CAR.VN,Công ty cổ phần Tập đoàn Giáo dục Trí Việt,VnStock,0
CAP.VN,Công ty Cổ phần Lâm Nông sản Thực phẩm Yên Bái,VnStock,0
CAN.VN,Công ty Cổ phần Đồ hộp Hạ Long,VnStock,0
CAG.VN,Công ty Cổ phần Cảng An Giang,VnStock,0
CAD.VN,Công ty Cổ phần Chế biến và Xuất khẩu Thủy sản Cadovimex,VnStock,0
CAB.VN,Công ty Cổ phần Tổng Công ty Truyền hình Cáp Việt Nam,VnStock,0
C92.VN,Công ty Cổ phần Xây dựng và Đầu tư 492,VnStock,0
C69.VN,Công ty Cổ phần Xây dựng 1369,VnStock,0
C4G.VN,Công ty Cổ phần Tập Đoàn Cienco4,VnStock,0
C47.VN,Công ty Cổ phần Xây dựng 47,VnStock,1
C32.VN,Công ty Cổ phần Đầu tư và Xây dựng 3-2,VnStock,1
C22.VN,Công ty Cổ phần 22,VnStock,0
C21.VN,Công ty Cổ phần Thế kỷ 21,VnStock,0
C12.VN,Công ty Cổ phần Cầu 12,VnStock,0
BXT.VN,,VnStock,0
BXH.VN,Công ty Cổ phần VICEM Bao bì Hải Phòng,VnStock,0
BWS.VN,Công ty Cổ phần Cấp Nước Bà Rịa - Vũng Tàu,VnStock,0
BWE.VN,Công ty Cổ phần - Tổng công ty Nước - Môi trường Bình Dương,VnStock,1
BWA.VN,Công ty Cổ phần Cấp thoát nước và Xây dựng Bảo Lộc,VnStock,0
BVS.VN,Công ty Cổ phần Chứng khoán Bảo Việt,VnStock,0
BVN.VN,Công ty Cổ phần Bông Việt Nam,VnStock,0
BVL.VN,Công ty Cổ phần BV Land,VnStock,0
BVH.VN,Tập đoàn Bảo Việt,VnStock,1
BVG.VN,Công ty Cổ phần Group Bắc Việt,VnStock,0
BVB.VN,Ngân hàng Thương mại Cổ phần Bản Việt,VnStock,0
BUD.VN,,VnStock,0
BTW.VN,Công ty Cổ phần Cấp nước Bến Thành,VnStock,0
BTV.VN,Công ty Cổ phần Dịch vụ Du lịch Bến Thành,VnStock,0
BTU.VN,Công ty Cổ phần Công trình Đô thị Bến Tre,VnStock,0
BTT.VN,Công ty Cổ phần Thương mại - Dịch vụ Bến Thành,VnStock,1
BTS.VN,Công ty Cổ phần Xi măng VICEM Bút Sơn,VnStock,0
BTP.VN,Công ty Cổ phần Nhiệt điện Bà Rịa,VnStock,1
BTN.VN,Công ty Cổ phần Đầu tư Bitco Bình Định,VnStock,0
BTH.VN,Công ty Cổ phần Chế tạo Biến thế và Vật liệu Điện Hà Nội,VnStock,0
BTG.VN,Công ty Cổ phần Bao bì Tiền Giang,VnStock,0
BTD.VN,Công ty Cổ phần Bê tông ly tâm Thủ Đức,VnStock,0
BTB.VN,Công ty Cổ phần Bia Hà Nội - Thái Bình,VnStock,0
BT6.VN,Công ty Cổ phần BETON 6,VnStock,0
BT1.VN,Công ty Cổ phần Bảo vệ thực vật 1 Trung ương,VnStock,0
BST.VN,Công ty Cổ phần Sách và Thiết bị Bình Thuận,VnStock,0
BSR.VN,Công ty Cổ phần Lọc Hóa dầu Bình Sơn,VnStock,1
BSQ.VN,Công ty Cổ phần Bia Sài Gòn - Quảng Ngãi,VnStock,0
BSP.VN,Công ty Cổ phần Bia Sài Gòn - Phú Thọ,VnStock,0
BSL.VN,Công ty Cổ phần Bia Sài Gòn - Sông Lam,VnStock,0
BSI.VN,Công ty Cổ phần Chứng khoán BIDV,VnStock,1
BSH.VN,Công ty Cổ phần Bia Sài Gòn - Hà Nội,VnStock,0
BSG.VN,Công ty Cổ phần Xe khách Sài Gòn,VnStock,0
BSD.VN,"Công ty Cổ phần Bia, Rượu Sài Gòn - Đồng Xuân",VnStock,0
BSC.VN,Công ty Cổ phần Dịch vụ Bến Thành,VnStock,0
BSA.VN,Công ty Cổ phần Thủy điện Buôn Đôn,VnStock,0
BRS.VN,Công ty Cổ phần Dịch vụ Đô thị Bà Rịa,VnStock,0
BRR.VN,Công ty Cổ phần Cao su Bà Rịa,VnStock,0
BRC.VN,Công ty Cổ phần Cao su Bến Thành,VnStock,1
BQP.VN,Công ty Cổ phần Nhựa chất lượng cao Bình Thuận,VnStock,0
BQB.VN,Công ty Cổ phần Bia Hà Nội - Quảng Bình,VnStock,0
BPW.VN,,VnStock,0
BPC.VN,Công ty Cổ phần Vicem Bao bì Bỉm Sơn,VnStock,0
BOT.VN,Công ty Cổ phần BOT Cầu Thái Hà,VnStock,0
BNW.VN,Công ty Cổ phần Nước sạch Bắc Ninh,VnStock,0
BNA.VN,Công ty Cổ phần Tập đoàn Đầu tư Bảo Ngọc,VnStock,0
BMV.VN,Công ty Cổ phần Bột mỳ Vinafood 1,VnStock,0
BMS.VN,Công ty Cổ phần Chứng khoán Bảo Minh,VnStock,0
BMP.VN,Công ty Cổ phần Nhựa Bình Minh,VnStock,1
BMN.VN,Công ty Cổ phần 715,VnStock,0
BMK.VN,Công ty Cổ Phần Kỹ thuật Nhiệt Mèo Đen,VnStock,0
BMJ.VN,Công ty Cổ phần Khoáng sản Miền Đông AHP,VnStock,0
BMI.VN,Tổng Công ty Cổ phần Bảo Minh,VnStock,1
BMG.VN,Công ty Cổ phần May Bình Minh,VnStock,0
BMF.VN,Công ty Cổ phần Vật liệu Xây dựng và Chất đốt Đồng Nai,VnStock,0
BMD.VN,Công ty Cổ phần Môi trường và Dịch vụ Đô thị Bình Thuận,VnStock,0
BMC.VN,Công ty Cổ phần Khoáng sản Bình Định,VnStock,1
BLW.VN,Công ty Cổ phần Cấp nước Bạc Liêu,VnStock,0
BLU.VN,,VnStock,0
BLT.VN,Công ty Cổ phần Lương thực Bình Định,VnStock,0
BLN.VN,Công ty Cổ phần Vận tải và Dịch vụ Liên Ninh,VnStock,0
BLI.VN,Tổng Công ty Cổ phần Bảo hiểm Bảo Long,VnStock,0
BLF.VN,Công ty Cổ phần Thủy sản Bạc Liêu,VnStock,0
BKH.VN,Công ty Cổ phần Bánh mứt kẹo Hà Nội,VnStock,0
BKG.VN,Công ty Cổ phần Đầu tư BKG Việt Nam,VnStock,1
BKC.VN,Công ty Cổ phần Khoáng sản Bắc Kạn,VnStock,0
BIO.VN,Công ty Cổ phần Vắc xin và Sinh phẩm Nha Trang,VnStock,0
BII.VN,Công ty Cổ phần Đầu tư và Phát triển Công nghiệp Bảo Thư,VnStock,0
BIG.VN,Công ty Cổ phần Đầu tư BIG Group Holdings,VnStock,0
BID.VN,Ngân hàng Thương mại Cổ phần Đầu tư và Phát triển Việt Nam,VnStock,1
BIC.VN,Tổng Công ty Cổ phần Bảo hiểm Ngân hàng Đầu tư và Phát triển Việt Nam,VnStock,1
BHT.VN,Công ty Cổ phần Đầu tư Xây dựng Bạch Đằng TMC,VnStock,0
BHP.VN,Công ty Cổ phần Bia Hà Nội - Hải Phòng,VnStock,0
BHN.VN,Tổng Công ty Cổ phần Bia - Rượu - Nước giải khát Hà Nội,VnStock,1
BHK.VN,Công ty Cổ phần Bia Hà Nội - Kim Bài,VnStock,0
BHI.VN,Tổng Công ty Cổ phần Bảo hiểm Sài Gòn - Hà Nội,VnStock,0
BHH.VN,Công ty Cổ Phần Thương Mại Bia Hà Nội - Hưng Yên 89,VnStock,0
BHG.VN,Công ty Cổ phần Chè Biển Hồ,VnStock,0
BHC.VN,Công ty Cổ phần Bê tông Biên Hòa,VnStock,0
BHA.VN,Công ty Cổ phần Thủy điện Bắc Hà,VnStock,0
BGW.VN,Công ty Cổ phần Nước sạch Bắc Giang,VnStock,0
BGE.VN,Công ty Cổ phần BCG Energy,VnStock,0
BFC.VN,Công ty Cổ phần Phân bón Bình Điền,VnStock,1
BEL.VN,Công ty Cổ phần Điện tử Biên Hòa,VnStock,0
BED.VN,Công ty Cổ phần Sách và Thiết bị trường học Đà Nẵng,VnStock,0
BDW.VN,Công ty Cổ phần Cấp thoát nước Bình Định,VnStock,0
BDT.VN,Công ty Cổ phần Xây lắp và Vật liệu xây dựng Đồng Tháp,VnStock,0
BDG.VN,Công ty Cổ phần May mặc Bình Dương,VnStock,0
BDB.VN,Công ty Cổ phần Sách và Thiết bị Bình Định,VnStock,0
BCV.VN,Công ty Cổ phần Du lịch và Thương mại Bằng Giang Cao Bằng - Vimico,VnStock,0
BCR.VN,Công ty Cổ phần BCG Land,VnStock,0
BCP.VN,Công ty Cổ phần Dược Enlie,VnStock,0
BCO.VN,Công ty Cổ phần Xây dựng Bình Phước,VnStock,0
BCM.VN,Tập đoàn Đầu tư và Phát triển Công nghiệp Becamex - CTCP,VnStock,1
BCG.VN,Công ty Cổ phần Tập đoàn Bamboo Capital,VnStock,1
BCF.VN,Công ty Cổ phần Thực phẩm Bích Chi,VnStock,0
BCE.VN,Công ty Cổ phần Xây dựng và Giao thông Bình Dương,VnStock,1
BCC.VN,Công ty Cổ phần Xi măng Bỉm Sơn,VnStock,0
BCB.VN,Công ty Cổ phần 397,VnStock,0
BCA.VN,Công ty cổ phần B.C.H,VnStock,0
BBT.VN,Công ty Cổ phần Bông Bạch Tuyết,VnStock,0
BBS.VN,Công ty Cổ phần VICEM Bao bì Bút Sơn,VnStock,0
BBM.VN,Công ty Cổ phần Bia Hà Nội - Nam Định,VnStock,0
BBH.VN,Công ty Cổ phần Bao bì Hoàng Thạch,VnStock,0
BBC.VN,Công ty Cổ phần Bibica,VnStock,1
BAX.VN,Công ty Cổ phần Thống Nhất,VnStock,0
BAL.VN,Công ty Cổ phần Bao bì Bia - Rượu - Nước giải khát,VnStock,0
BAF.VN,Công ty Cổ phần Nông nghiệp BAF Việt Nam,VnStock,1
BAB.VN,Ngân hàng Thương mại Cổ phần Bắc Á,VnStock,0
B82.VN,Công ty Cổ phần 482,VnStock,0
AVG.VN,Công ty Cổ phần Phân Bón Quốc Tế Âu Việt,VnStock,0
AVF.VN,Công ty Cổ phần Việt An,VnStock,0
AVC.VN,Công ty Cổ phần Thủy điện A Vương,VnStock,0
AUM.VN,Công ty Cổ phần Vinacafe Sơn Thành,VnStock,0
ATS.VN,Công ty Cổ phần Tập đoàn Đầu tư ATS,VnStock,0
ATG.VN,Công ty Cổ phần An Trường An,VnStock,0
ATB.VN,Công ty Cổ phần An Thịnh,VnStock,0
ATA.VN,Công ty Cổ phần NTACO,VnStock,0
AST.VN,Công ty Cổ phần Dịch vụ Hàng không Taseco,VnStock,1
ASP.VN,Công ty Cổ phần Tập đoàn Dầu khí An Pha,VnStock,1
ASM.VN,Công ty Cổ phần Tập đoàn Sao Mai,VnStock,1
ASG.VN,Công ty Cổ phần Tập đoàn ASG,VnStock,1
ASA.VN,Công ty Cổ phần ASA,VnStock,0
ART.VN,Công ty Cổ phần Chứng khoán ARTEX,VnStock,0
ARM.VN,Công ty Cổ phần Xuất nhập khẩu Hàng không,VnStock,0
APT.VN,Công ty Cổ phần Kinh doanh thủy hải sản Sài Gòn,VnStock,0
APS.VN,Công ty Cổ phần Chứng khoán Châu Á - Thái Bình Dương,VnStock,0
APP.VN,Công ty Cổ phần Phát triển Phụ gia và Sản phẩm dầu mỏ,VnStock,0
APL.VN,Công ty Cổ phần Cơ khí và Thiết bị áp lực - VVMI,VnStock,0
API.VN,Công ty Cổ phần Đầu tư Châu Á - Thái Bình Dương,VnStock,0
APH.VN,Công ty Cổ phần Tập đoàn An Phát Holdings,VnStock,1
APG.VN,Công ty Cổ phần Chứng khoán APG,VnStock,1
APF.VN,Công ty Cổ phần Nông sản Thực phẩm Quảng Ngãi,VnStock,0
APC.VN,Công ty Cổ phần Chiếu xạ An Phú,VnStock,0
ANV.VN,Công ty Cổ phần Nam Việt,VnStock,1
ANT.VN,Công ty Cổ phần Rau quả Thực phẩm An Giang,VnStock,0
AMV.VN,Công ty Cổ phần Sản xuất Kinh doanh Dược và Trang thiết bị Y tế Việt Mỹ,VnStock,0
AMS.VN,Công ty Cổ phần Cơ khí Xây dựng AMECC,VnStock,0
AMP.VN,Công ty Cổ phần Armephaco,VnStock,0
AME.VN,Công ty cổ phần Alphanam E&C,VnStock,0
AMD.VN,Công ty Cổ phần Đầu tư và Khoáng sản FLC Stone,VnStock,0
AMC.VN,Công ty Cổ phần Khoáng sản Á Châu,VnStock,0
ALV.VN,Công ty Cổ phần Tập đoàn MCST,VnStock,0
ALT.VN,Công ty Cổ phần Văn hóa Tân Bình,VnStock,0
AIG.VN,Công ty Cổ phần Nguyên liệu Á Châu AIG,VnStock,0
AIC.VN,Công ty Cổ phần Tập đoàn Bảo hiểm DBV,VnStock,0
AGX.VN,Công ty Cổ phần Thực phẩm Nông sản Xuất khẩu Sài Gòn,VnStock,0
AGR.VN,Công ty Cổ phần Chứng khoán AGRIBANK,VnStock,1
AGP.VN,Công ty Cổ phần Dược phẩm AGIMEXPHARM,VnStock,0
AGM.VN,Công ty Cổ phần Xuất nhập khẩu An Giang,VnStock,0
AGG.VN,Công ty Cổ phần Đầu tư và Phát triển Bất động sản An Gia,VnStock,1
AGF.VN,Công ty Cổ phần Xuất nhập khẩu Thủy sản An Giang,VnStock,0
AGE.VN,Công ty Cổ phần Môi trường Đô thị An Giang,VnStock,0
AG1.VN,Công ty Cổ phần 28.1,VnStock,0
AFX.VN,Công ty Cổ phần Xuất Nhập khẩu Nông sản Thực phẩm An Giang,VnStock,0
ADS.VN,Công ty Cổ phần DAMSAN,VnStock,1
ADP.VN,Công ty Cổ phần Sơn Á Đông,VnStock,1
ADG.VN,Công ty Cổ phần Clever Group,VnStock,1
ADC.VN,Công ty Cổ phần Mĩ thuật và Truyền thông,VnStock,0
ACV.VN,Tổng Công ty Cảng Hàng không Việt Nam - CTCP,VnStock,0
ACS.VN,Công ty Cổ phần Xây lắp Thương mại 2,VnStock,0
ACM.VN,Công ty Cổ phần Tập đoàn Khoáng sản Á Cường,VnStock,0
ACL.VN,Công ty Cổ phần Xuất nhập khẩu Thủy sản Cửu Long An Giang,VnStock,1
ACG.VN,Công ty Cổ phần Gỗ An Cường,VnStock,1
ACE.VN,Công ty Cổ phần Bê tông ly tâm An Giang,VnStock,0
ACC.VN,Công ty Cổ phần Đầu tư và Xây dựng Bình Dương ACC,VnStock,1
ACB.VN,Ngân hàng Thương mại Cổ phần Á Châu,VnStock,1
ABW.VN,Công ty Cổ phần Chứng khoán An Bình,VnStock,0
ABT.VN,Công ty Cổ phần Xuất nhập khẩu Thủy sản Bến Tre,VnStock,1
ABS.VN,Công ty Cổ phần Dịch vụ Nông nghiệp Bình Thuận,VnStock,1
ABR.VN,Công ty Cổ phần Đầu tư Nhãn Hiệu Việt,VnStock,1
ABI.VN,Công ty Cổ phần Bảo hiểm Ngân hàng Nông Nghiệp,VnStock,0
ABC.VN,Công ty Cổ phần Truyền thông VMG,VnStock,0
ABB.VN,Ngân hàng Thương mại Cổ phần An Bình,VnStock,0
AAV.VN,Công ty Cổ phần AAV Group,VnStock,0
AAT.VN,Công ty Cổ phần Tập đoàn Tiên Sơn Thanh Hóa,VnStock,1
AAS.VN,Công ty Cổ phần Chứng khoán SmartInvest,VnStock,0
AAM.VN,Công ty Cổ Phần Thủy Sản MeKong,VnStock,1
AAH.VN,Công ty Cổ phần Hợp Nhất,VnStock,0
AAA.VN,Công ty Cổ phần Nhựa An Phát Xanh,VnStock,1
A32.VN,Công ty Cổ phần 32,VnStock,0
