Symbol,Name,Exchange
YTC.VN,Công ty Cổ phần Xuất nhập khẩu Y tế Thành phố Hồ Chí Minh,VnStock
YEG.VN,Công ty Cổ phần Tập đoàn Yeah1,VnStock
YBM.VN,Công ty Cổ phần Khoáng sản Công nghiệp Yên Bái,VnStock
YBC.VN,Công ty Cổ phần Xi măng và Khoáng sản Yên Bái,VnStock
XPH.VN,Công ty Cổ phần Xà phòng Hà Nội,VnStock
XMP.VN,Công ty Cổ phần Thủy điện Xuân Minh,VnStock
XMD.VN,Công ty Cổ phần Xuân Mai - Đạo Tú,VnStock
XMC.VN,Công ty cổ phần Đầu tư và Xây dựng Xuân Mai,VnStock
XLV.VN,Công ty Cổ phần Xây lắp và Dịch vụ Sông Đà,VnStock
XHC.VN,Công ty Cổ phần Xuân Hòa Việt Nam,VnStock
XDH.VN,Công ty Cổ phần Đầu tư Xây dựng Dân dụng Hà Nội,VnStock
XDC.VN,Công ty Cổ phần Xây dựng Công trình Tân Cảng,VnStock
X77.VN,Công ty Cổ phần Thành An 77,VnStock
X26.VN,Công ty Cổ phần 26,VnStock
X20.VN,Công ty Cổ phần X20,VnStock
WTC.VN,Công ty Cổ phần Vận tải thủy - Vinacomin,VnStock
WSS.VN,Công ty Cổ phần Chứng khoán Phố Wall,VnStock
WSB.VN,Công ty Cổ phần Bia Sài Gòn - Miền Tây,VnStock
WCS.VN,Công ty Cổ phần Bến xe Miền Tây,VnStock
VXT.VN,Công ty Cổ phần Kho vận và dịch vụ thương mại,VnStock
VXP.VN,Công ty Cổ phần Thuốc Thú y Trung ương VETVACO,VnStock
VXB.VN,Công ty Cổ phần Vật liệu xây dựng Bến Tre,VnStock
VWS.VN,Công ty Cổ phần Nước và Môi trường Việt Nam,VnStock
VW3.VN,Công ty Cổ phần VIWASEEN3,VnStock
VVS.VN,Công ty Cổ phần Đầu tư Phát triển Máy Việt Nam,VnStock
VVN.VN,Tổng Công ty Cổ phần Xây dựng Công nghiệp Việt Nam,VnStock
VUA.VN,Công ty Cổ phần Chứng khoán Stanley Brothers,VnStock
VTZ.VN,Công ty Cổ phần Sản xuất và Thương mại Nhựa Việt Thành,VnStock
VTX.VN,Công ty Cổ phần Vận tải Đa phương thức VIETRANSTIMEX,VnStock
VTV.VN,Công ty Cổ phần Năng lượng và Môi trường VICEM,VnStock
VTS.VN,Công ty Cổ phần Gạch Ngói Từ Sơn,VnStock
VTR.VN,Công ty Cổ phần Du lịch Vietravel,VnStock
VTQ.VN,Công ty Cổ phần Việt Trung Quảng Bình,VnStock
VTP.VN,Tổng Công ty Cổ phần Bưu chính Viettel,VnStock
VTO.VN,Công ty Cổ phần Vận tải Xăng dầu VITACO,VnStock
VTM.VN,Công ty Cổ phần Vận tải và Đưa đón thợ mỏ - Vinacomin,VnStock
VTL.VN,Công ty Cổ phần Vang Thăng Long,VnStock
VTK.VN,Công ty Cổ phần Tư vấn và Dịch vụ Viettel,VnStock
VTJ.VN,Công ty Cổ phần Thương mại và Đầu tư VI NA TA BA,VnStock
VTI.VN,Công ty Cổ phần Sản xuất - Xuất nhập khẩu Dệt may,VnStock
VTH.VN,Công ty Cổ phần Dây cáp điện Việt Thái,VnStock
VTG.VN,Công ty Cổ phần Du lịch tỉnh Bà Rịa - Vũng Tàu,VnStock
VTE.VN,Công ty Cổ phần VINACAP Kim Long,VnStock
VTD.VN,Công ty Cổ phần Vietourist Holdings,VnStock
VTC.VN,Công ty Cổ phần Viễn Thông VTC,VnStock
VTB.VN,Công ty Cổ phần Viettronics Tân Bình,VnStock
VTA.VN,Công ty Cổ phần VITALY,VnStock
VST.VN,Công ty Cổ phần Vận tải và Thuê Tàu biển Việt Nam,VnStock
VSP.VN,Công ty Cổ phần Vận tải biển và Bất động sản Việt Hải,VnStock
VSN.VN,Công ty Cổ phần Việt Nam Kỹ Nghệ Súc Sản,VnStock
VSM.VN,Công ty Cổ phần Container Miền Trung,VnStock
VSI.VN,Công ty Cổ phần Đầu tư và Xây dựng Cấp thoát nước,VnStock
VSH.VN,Công ty Cổ phần Thủy điện Vĩnh Sơn - Sông Hinh,VnStock
VSG.VN,Công ty Cổ phần Container Phía Nam,VnStock
VSF.VN,Tổng Công ty Lương thực Miền Nam - Công ty Cổ phần,VnStock
VSE.VN,Công ty Cổ phần Dịch vụ Đường cao tốc Việt Nam,VnStock
VSC.VN,Công ty Cổ phần Container Việt Nam,VnStock
VSA.VN,Công ty Cổ phần Đại lý Hàng hải Việt Nam,VnStock
VRG.VN,Công ty Cổ phần Phát triển Đô thị và Khu Công nghiệp Cao Su Việt Nam,VnStock
VRE.VN,Công ty Cổ phần Vincom Retail,VnStock
VRC.VN,Công ty Cổ phần Bất động sản và Đầu tư VRC,VnStock
VQC.VN,Công ty Cổ phần Giám định Vinaconmin,VnStock
VPW.VN,Công ty Cổ phần Cấp thoát nước số 1 Vĩnh Phúc,VnStock
VPS.VN,Công ty Cổ phần Thuốc sát trùng Việt Nam,VnStock
VPR.VN,Công ty Cổ phần VINAPRINT,VnStock
VPL.VN,Công ty Cổ phần Vinpearl,VnStock
VPI.VN,Công ty Cổ phần Phát triển Bất động sản Văn Phú,VnStock
VPH.VN,Công ty Cổ phần Vạn Phát Hưng,VnStock
VPG.VN,Công ty Cổ phần Đầu tư Thương mại Xuất nhập khẩu Việt Phát,VnStock
VPD.VN,Công ty Cổ phần Phát triển Điện lực Việt Nam,VnStock
VPC.VN,Công ty Cổ phần Đầu tư và Phát triển Năng lượng Việt Nam,VnStock
VPB.VN,Ngân hàng Thương mại Cổ phần Việt Nam Thịnh Vượng,VnStock
VPA.VN,Công ty Cổ phần Vận tải Hóa dầu VP,VnStock
VOS.VN,Công ty Cổ phần Vận tải Biển Việt Nam,VnStock
VOC.VN,Tổng Công ty Công nghiệp Dầu thực vật Việt Nam - Công ty Cổ phần,VnStock
VNZ.VN,Công ty Cổ phần Tập đoàn VNG,VnStock
VNY.VN,Công ty Cổ phần Thuốc thú y Trung ương I,VnStock
VNX.VN,Công ty Cổ phần Quảng cáo và Hội chợ Thương mại Vinexad,VnStock
VNT.VN,Công ty Cổ phần Giao nhận Vận tải Ngoại Thương,VnStock
VNS.VN,Công ty Cổ phần Ánh Dương Việt Nam,VnStock
VNR.VN,Tổng Công ty Cổ phần Tái bảo hiểm Quốc gia Việt Nam,VnStock
VNP.VN,Công ty Cổ phần Nhựa Việt Nam,VnStock
VNM.VN,Công ty Cổ phần Sữa Việt Nam,VnStock
VNL.VN,Công ty Cổ phần Logistics Vinalink,VnStock
VNI.VN,Công ty Cổ phần Đầu tư Bất động sản Việt Nam,VnStock
VNH.VN,Công ty Cổ phần Đầu tư Việt Việt Nhật,VnStock
VNG.VN,Công ty Cổ phần Du Lịch Thành Thành Công,VnStock
VNF.VN,Công ty Cổ phần Vinafreight,VnStock
VNE.VN,Tổng Công ty Cổ phần Xây dựng điện Việt Nam,VnStock
VND.VN,Công ty Cổ phần Chứng khoán VNDIRECT,VnStock
VNC.VN,Công ty Cổ phần Tập đoàn Vinacontrol,VnStock
VNB.VN,Công ty Cổ phần Sách Việt Nam,VnStock
VNA.VN,Công ty Cổ phần Vận tải biển Vinaship,VnStock
VMT.VN,Công ty Cổ phần Giao nhận Vận tải Miền Trung,VnStock
VMS.VN,Công ty Cổ phần Phát triển Hàng Hải,VnStock
VMK.VN,Công ty Cổ phần Vimarko,VnStock
VMI.VN,Công ty Cổ phần Khoáng sản và Đầu tư VISACO,VnStock
VMG.VN,Công ty Cổ phần Thương mại và Dịch vụ Dầu khí Vũng Tàu,VnStock
VMD.VN,Công ty Cổ phần Y Dược phẩm Vimedimex,VnStock
VMC.VN,Công ty Cổ phần VIMECO,VnStock
VMA.VN,Công ty Cổ phần Công nghiệp Ô tô - Vinacomin,VnStock
VLW.VN,Công ty Cổ phần Cấp nước Vĩnh Long,VnStock
VLP.VN,Công ty Cổ phần Công trình Công cộng Vĩnh Long,VnStock
VLG.VN,Công ty Cổ phần VIMC Logistics,VnStock
VLF.VN,Công ty Cổ phần Lương thực Thực phẩm Vĩnh Long,VnStock
VLC.VN,Tổng Công ty Chăn nuôi Việt Nam - Công ty Cổ phần,VnStock
VLB.VN,Công ty Cổ phần Xây dựng và Sản xuất Vật liệu Xây dựng Biên Hòa,VnStock
VLA.VN,Công ty Cổ phần Đầu tư và Phát triển Công nghệ Văn Lang,VnStock
VKP.VN,Công ty Cổ phần Nhựa Tân Hóa,VnStock
VKD.VN,Công ty Cổ phần Nước khoáng Khánh Hòa,VnStock
VKC.VN,Công ty Cổ phần VKC Holdings,VnStock
VJC.VN,Công ty Cổ phần Hàng không Vietjet,VnStock
VIX.VN,Công ty Cổ phần Chứng khoán VIX,VnStock
VIW.VN,Tổng công ty Đầu tư Nước và Môi trường Việt Nam - Công ty Cổ phần,VnStock
VIT.VN,Công ty Cổ phần Viglacera Tiên Sơn,VnStock
VIS.VN,Công ty Cổ phần Thép Việt Ý,VnStock
VIR.VN,Công ty Cổ phần Du lịch Quốc tế Vũng Tàu,VnStock
VIP.VN,Công ty Cổ phần Vận tải Xăng dầu VIPCO,VnStock
VIN.VN,Công ty Cổ phần Giao nhận Kho vận Ngoại thương Việt Nam,VnStock
VIM.VN,Công ty Cổ phần Khoáng sản Viglacera,VnStock
VIH.VN,Công ty Cổ phần Viglacera Hà Nội,VnStock
VIG.VN,Công ty Cổ phần Chứng khoán Đầu tư Tài chính Việt Nam,VnStock
VIF.VN,Tổng Công ty Lâm nghiệp Việt Nam - Công ty Cổ phần,VnStock
VIE.VN,Công ty Cổ phần Công nghệ Viễn thông VI TE CO,VnStock
VID.VN,Công ty Cổ phần Đầu tư Phát triển Thương mại Viễn Đông,VnStock
VIC.VN,Tập đoàn Vingroup - Công ty CP,VnStock
VIB.VN,Ngân hàng Thương mại Cổ phần Quốc tế Việt Nam,VnStock
VHM.VN,Công ty Cổ phần Vinhomes,VnStock
VHL.VN,Công ty Cổ phần Viglacera Hạ Long,VnStock
VHI.VN,,VnStock
VHH.VN,Công ty Cổ phần Đầu tư Kinh doanh nhà Thành Đạt,VnStock
VHG.VN,Công ty Cổ phần Đầu tư và Phát triển Việt Trung Nam,VnStock
VHF.VN,Công ty Cổ phần Xây dựng và Chế biến lương thực Vĩnh Hà,VnStock
VHE.VN,Công ty Cổ phần Dược liệu và Thực phẩm Việt Nam,VnStock
VHD.VN,Công ty Cổ phần Đầu tư phát triển nhà và đô thị VINAHUD,VnStock
VHC.VN,Công ty Cổ phần Vĩnh Hoàn,VnStock
VGV.VN,Tổng Công ty Tư vấn Xây dựng Việt Nam - CTCP,VnStock
VGT.VN,Tập đoàn Dệt May Việt Nam,VnStock
VGS.VN,Công ty Cổ phần Ống thép Việt - Đức VG PIPE,VnStock
VGR.VN,Công ty Cổ phần Cảng xanh VIP,VnStock
VGP.VN,Công ty Cổ phần Cảng Rau Quả,VnStock
VGL.VN,Công ty Cổ phần Mạ kẽm công nghiệp Vingal-Vnsteel,VnStock
VGI.VN,Tổng Công ty Cổ phần Đầu tư Quốc tế Viettel,VnStock
VGG.VN,Tổng Công Ty Cổ phần May Việt Tiến,VnStock
VGC.VN,Tổng Công ty Viglacera - Công ty Cổ phần,VnStock
VFS.VN,Công ty Cổ phần Chứng khoán Nhất Việt,VnStock
VFR.VN,Công ty Cổ phần Vận tải và Thuê tàu,VnStock
VFG.VN,Công ty Cổ phần Khử trùng Việt Nam,VnStock
VFC.VN,Công ty Cổ phần VINAFCO,VnStock
VET.VN,Công ty Cổ phần Thuốc Thú y Trung ương NAVETCO,VnStock
VES.VN,Công ty Cổ phần Đầu tư và Xây dựng Điện MÊ CA VNECO,VnStock
VEF.VN,Công ty Cổ phần Trung tâm Hội chợ Triển lãm Việt Nam,VnStock
VEC.VN,Tổng Công ty Cổ phần Điện tử và Tin học Việt Nam,VnStock
VEA.VN,Tổng Công ty Máy động lực và Máy nông nghiệp Việt Nam - CTCP,VnStock
VE9.VN,Công ty Cổ phần Đầu tư và Xây dựng VNECO 9,VnStock
VE8.VN,Công ty Cổ phần Xây dựng Điện Vneco 8,VnStock
VE4.VN,Công ty Cổ phần Xây dựng điện VNECO4,VnStock
VE3.VN,Công ty Cổ phần Xây dựng điện VNECO 3,VnStock
VE2.VN,Công ty Cổ phần Xây dựng Điện VNECO 2,VnStock
VE1.VN,Công ty Cổ phần Xây dựng điện VNECO 1,VnStock
VDT.VN,Công ty Cổ phần Lưới thép Bình Tây,VnStock
VDS.VN,Công ty Cổ phần Chứng khoán Rồng Việt,VnStock
VDP.VN,Công ty Cổ phần Dược phẩm Trung ương VIDIPHA,VnStock
VDN.VN,Công ty Cổ phần Vinatex Đà Nẵng,VnStock
VDM.VN,Công ty Cổ phần - Viện Nghiên cứu Dệt may,VnStock
VDL.VN,Công ty Cổ phần Thực phẩm Lâm Đồng,VnStock
VDG.VN,Công ty Cổ phần Vạn Đạt Group,VnStock
VDB.VN,Công ty Cổ phần Vận tải và Chế biến Than Đông Bắc,VnStock
VCX.VN,Công ty Cổ phần Xi măng Yên Bình,VnStock
VCW.VN,Công ty Cổ phần Đầu tư Nước sạch Sông Đà,VnStock
VCT.VN,Công ty Cổ phần Tư vấn Xây dựng Vinaconex,VnStock
VCS.VN,Công ty Cổ phần VICOSTONE,VnStock
VCR.VN,Công ty Cổ phần Đầu tư và Phát triển Du lịch Vinaconex,VnStock
VCP.VN,Công ty Cổ phần Xây dựng và Năng lượng VCP,VnStock
VCM.VN,Công ty Cổ phần BV Life,VnStock
VCI.VN,Công ty Cổ phần Chứng khoán Vietcap,VnStock
VCG.VN,Tổng Công ty Cổ phần Xuất nhập khẩu và Xây dựng Việt Nam,VnStock
VCF.VN,Công ty Cổ phần VinaCafé Biên Hòa,VnStock
VCE.VN,Công ty Cổ phần Xây lắp Môi trường,VnStock
VCC.VN,Công ty Cổ phần Vinaconex 25,VnStock
VCB.VN,Ngân hàng Thương mại Cổ phần Ngoại thương Việt Nam,VnStock
VCA.VN,Công ty Cổ phần Thép VICASA - VNSTEEL,VnStock
VC9.VN,Công ty Cổ phần Xây dựng số 9 - VC9,VnStock
VC7.VN,Công ty Cổ phần Tập đoàn BGI,VnStock
VC6.VN,Công ty cổ phần Xây dựng và Đầu tư Visicons,VnStock
VC5.VN,Công ty Cổ phần Xây dựng Số 5,VnStock
VC3.VN,Công ty Cổ phần Tập đoàn Nam Mê Kông,VnStock
VC2.VN,Công ty Cổ phần Đầu tư và Xây dựng VINA2,VnStock
VC1.VN,Công ty Cổ phần Xây dựng số 1,VnStock
VBH.VN,Công ty Cổ phần Điện tử Bình Hòa,VnStock
VBG.VN,Công ty Cổ phần Địa chất Việt Bắc - TKV,VnStock
VBC.VN,"Công ty Cổ phần Nhựa, Bao bì Vinh",VnStock
VBB.VN,Ngân hàng Thương mại Cổ phần Việt Nam Thương Tín,VnStock
VAV.VN,Công ty Cổ phần VIWACO,VnStock
VAT.VN,Công ty Cổ phần VT Vạn Xuân,VnStock
VAF.VN,Công ty Cổ phần Phân lân nung chảy Văn Điển,VnStock
VAB.VN,Ngân hàng Thương mại Cổ phần Việt Á,VnStock
V21.VN,Công ty Cổ phần Vinaconex 21,VnStock
V15.VN,Công ty Cổ phần Xây dựng số 15,VnStock
V12.VN,Công ty Cổ phần Xây dựng số 12,VnStock
V11.VN,Công ty Cổ phần Xây dựng số 11,VnStock
UXC.VN,Công ty Cổ phần Chế biến Thủy sản Út Xi,VnStock
UTT.VN,Công ty Cổ phần Môi trường Đô thị Thanh Trì,VnStock
USD.VN,Công ty Cổ phần Công trình Đô thị Sóc Trăng,VnStock
USC.VN,Công ty Cổ phần Khảo sát và Xây dựng - USCO,VnStock
UPH.VN,Công ty Cổ phần Dược phẩm TW25,VnStock
UPC.VN,Công ty Cổ phần Phát triển Công viên Cây xanh và Đô thị Vũng Tàu,VnStock
UNI.VN,Công ty Cổ phần Đầu tư và Phát triển Sao Mai Việt,VnStock
UMC.VN,Công ty Cổ phần Công trình đô thị Nam Định,VnStock
UIC.VN,Công ty Cổ phần Đầu tư Phát triển Nhà và Đô thị IDICO,VnStock
UEM.VN,Công ty Cổ phần Cơ điện Uông Bí - Vinacomin,VnStock
UDL.VN,Công ty Cổ phần Đô thị và Môi trường Đắk Lắk,VnStock
UDJ.VN,Công ty Cổ phần Phát triển Đô thị,VnStock
UDC.VN,Công ty Cổ phần Đầu tư Xây dựng UDCons,VnStock
UCT.VN,Công ty Cổ phần Đô thị Cần Thơ,VnStock
TYA.VN,Công ty Cổ phần Dây và Cáp điện Taya Việt Nam,VnStock
TXM.VN,Công ty Cổ phần VICEM Thạch cao Xi Măng,VnStock
TW3.VN,Công ty Cổ phần Dược Trung Ương 3,VnStock
TVW.VN,Công ty Cổ phần Cấp thoát nước Trà Vinh,VnStock
TVT.VN,Tổng Công ty Việt Thắng - CTCP,VnStock
TVS.VN,Công ty Cổ phần Chứng khoán Thiên Việt,VnStock
TVP.VN,Công ty Cổ phần Dược phẩm TV.Pharm,VnStock
TVN.VN,Tổng Công ty Thép Việt Nam - Công ty Cổ phần,VnStock
TVM.VN,Công ty Cổ phần Tư vấn đầu tư Mỏ và công nghiệp - Vinacomin,VnStock
TVH.VN,Công ty Cổ phần Tư vấn Xây dựng công trình Hàng hải,VnStock
TVG.VN,Công ty Cổ phần Tư vấn Đầu tư và Xây dựng Giao thông Vận tải,VnStock
TVD.VN,Công ty Cổ phần Than Vàng Danh - Vinacomin,VnStock
TVC.VN,Công ty Cổ phần Tập đoàn Quản lý tài sản T-Corp,VnStock
TVB.VN,Công ty Cổ phần Chứng khoán T-Cap,VnStock
TVA.VN,Công ty cổ phần Sứ Viglacera Thanh Trì,VnStock
TV6.VN,Công ty Cổ phần Tập đoàn EMA LAND,VnStock
TV4.VN,Công ty Cổ phần Tư vấn Xây dựng Điện 4,VnStock
TV3.VN,Công ty Cổ phần Tư vấn Xây dựng Điện 3,VnStock
TV2.VN,Công ty Cổ phần Tư vấn Xây dựng Điện 2,VnStock
TV1.VN,Công ty Cổ phần Tư vấn Xây dựng Điện 1,VnStock
TUG.VN,Công ty Cổ phần Lai dắt và Vận tải Cảng Hải Phòng,VnStock
TTZ.VN,Công ty Cổ phần Đầu tư Xây dựng và Công nghệ Tiến Trung,VnStock
TTT.VN,Công ty Cổ phần Du Lịch - Thương Mại Tây Ninh,VnStock
TTS.VN,Công ty Cổ phần Cán thép Thái Trung,VnStock
TTP.VN,Công ty Cổ phần Bao bì Tân Tiến,VnStock
TTN.VN,Công ty Cổ phần Công nghệ & Truyền thông Việt Nam,VnStock
TTL.VN,Tổng Công ty Thăng Long - Công ty Cổ phần,VnStock
TTH.VN,Công ty Cổ phần Thương mại và Dịch vụ Tiến Thành,VnStock
TTG.VN,Công ty Cổ phần May Thanh Trì,VnStock
TTF.VN,Công ty Cổ phần Tập đoàn Kỹ nghệ Gỗ Trường Thành,VnStock
TTE.VN,Công ty Cổ phần Đầu tư Năng lượng Trường Thịnh,VnStock
TTD.VN,Công ty Cổ phần Bệnh viện Tim Tâm Đức,VnStock
TTC.VN,Công ty Cổ phần Gạch men Thanh Thanh,VnStock
TTB.VN,Công ty Cổ phần TTBGROUP,VnStock
TTA.VN,Công ty Cổ phần Đầu tư Xây dựng và Phát triển Trường Thành,VnStock
TT6.VN,Công ty Cổ Phần Tập Đoàn Tiến Thịnh,VnStock
TST.VN,Công ty Cổ phần Dịch vụ Kỹ thuật Viễn thông,VnStock
TSJ.VN,Công ty Cổ phần Du lịch Dịch vụ Hà Nội,VnStock
TSG.VN,Công ty Cổ phần Thông tin Tín hiệu Đường sắt Sài Gòn,VnStock
TSD.VN,Công ty Cổ phần Du lịch Trường Sơn Coecco,VnStock
TSC.VN,Công ty Cổ phần Vật tư Kỹ thuật Nông nghiệp Cần Thơ,VnStock
TSB.VN,Công ty Cổ phần Ắc quy Tia Sáng,VnStock
TSA.VN,Công ty Cổ Phần Đầu Tư Và Xây Lắp Trường Sơn,VnStock
TS5.VN,,VnStock
TS4.VN,Công ty Cổ phần Thủy sản số 4,VnStock
TS3.VN,Công ty Cổ phần Trường Sơn 532,VnStock
TRV.VN,Công ty Cổ Phần Vận tải Đường sắt,VnStock
TRT.VN,Công ty Cổ phần RedstarCera,VnStock
TRS.VN,Công ty Cổ phần Vận tải và Dịch vụ Hàng Hải,VnStock
TRC.VN,Công ty Cổ phần Cao su Tây Ninh,VnStock
TRA.VN,Công ty Cổ phần Traphaco,VnStock
TR1.VN,Công ty Cổ phần Vận Tải 1 Traco,VnStock
TQW.VN,Công ty Cổ phần Cấp thoát nước Tuyên Quang,VnStock
TQN.VN,Công ty Cổ phần Thông Quảng Ninh,VnStock
TPS.VN,Công ty Cổ phần Bến bãi vận tải Sài Gòn,VnStock
TPP.VN,Công ty Cổ phần Tân Phú Việt Nam,VnStock
TPH.VN,Công ty Cổ phần In Sách giáo khoa tại Thành phố Hà Nội,VnStock
TPC.VN,Công ty Cổ phần Nhựa Tân Đại Hưng,VnStock
TPB.VN,Ngân hàng Thương mại Cổ phần Tiên Phong,VnStock
TOW.VN,Công ty Cổ phần Cấp nước Trà Nóc - Ô Môn,VnStock
TOT.VN,Công ty Cổ phần Transimex Logistics,VnStock
TOS.VN,Công ty Cổ phần Dịch vụ biển Tân Cảng,VnStock
TOP.VN,Công ty Cổ phần Phân phối Top One,VnStock
TNW.VN,Công ty Cổ phần Nước sạch Thái Nguyên,VnStock
TNV.VN,Công ty Cổ phần Thống Nhất Hà Nội,VnStock
TNT.VN,Công ty Cổ phần Tập đoàn TNT,VnStock
TNS.VN,Công ty Cổ phần Thép tấm lá Thống Nhất,VnStock
TNP.VN,Công ty Cổ phần Cảng Thị Nại,VnStock
TNM.VN,Công ty Cổ phần Xuất nhập khẩu và Xây dựng Công trình,VnStock
TNI.VN,Công ty Cổ phần Tập đoàn Thành Nam,VnStock
TNH.VN,Công ty Cổ phần Tập đoàn Bệnh viện TNH,VnStock
TNG.VN,Công ty Cổ phần Đầu tư và Thương mại TNG,VnStock
TNC.VN,Công ty Cổ phần Cao su Thống Nhất,VnStock
TNB.VN,Công ty Cổ phần Thép Nhà Bè - VNSTEEL,VnStock
TNA.VN,Công ty Cổ phần Thương mại Xuất nhập khẩu Thiên Nam,VnStock
TN1.VN,Công ty Cổ phần Rox Key Holdings,VnStock
TMX.VN,Công ty Cổ phần VICEM Thương mại Xi măng,VnStock
TMW.VN,Công ty Cổ phần Tổng hợp Gỗ Tân Mai,VnStock
TMT.VN,Công ty Cổ phần Ô tô TMT,VnStock
TMS.VN,Công ty Cổ phần Transimex,VnStock
TMP.VN,Công ty Cổ phần Thủy điện Thác Mơ,VnStock
TMG.VN,Công ty Cổ phần Kim loại màu Thái Nguyên - Vimico,VnStock
TMC.VN,Công ty Cổ phần Thương mại Xuất nhập khẩu Thủ Đức,VnStock
TMB.VN,Công ty Cổ phần Kinh doanh Than Miền Bắc - Vinacomin,VnStock
TLT.VN,Công ty Cổ phần Viglacera Thăng Long,VnStock
TLP.VN,Tổng Công ty Thương mại Xuất nhập khẩu Thanh Lễ - CTCP,VnStock
TLI.VN,Công ty Cổ phần May Quốc tế Thắng Lợi,VnStock
TLH.VN,Công ty Cổ phần Tập đoàn Thép Tiến Lên,VnStock
TLG.VN,Công ty Cổ phần Tập đoàn Thiên Long,VnStock
TLD.VN,Công ty Cổ phần Đầu tư Xây dựng và Phát triển Đô thị Thăng Long,VnStock
TL4.VN,Tổng Công ty Xây dựng Thủy lợi 4 - Công ty Cổ phần,VnStock
TKU.VN,Công ty Cổ phần Công nghiệp Tung Kuang,VnStock
TKG.VN,Công ty Cổ phần Sản xuất và Thương mại Tùng Khánh,VnStock
TKC.VN,Công ty Cổ phần Xây dựng và Kinh doanh Địa ốc Tân Kỷ,VnStock
TKA.VN,Công ty Cổ phần Bao bì Tân Khánh An,VnStock
TJC.VN,Công ty Cổ phần Dịch vụ Vận tải và Thương mại,VnStock
TIX.VN,Công ty Cổ phần Sản xuất Kinh doanh Xuất nhập khẩu Dịch vụ và Đầu tư Tân Bình,VnStock
TIS.VN,Công ty Cổ phần Gang thép Thái Nguyên,VnStock
TIP.VN,Công ty Cổ phần Phát triển Khu công nghiệp Tín Nghĩa,VnStock
TIN.VN,Công ty Tài chính tổng hợp cổ phần Tín Việt,VnStock
TIG.VN,Công ty Cổ phần Tập đoàn Đầu tư Thăng Long,VnStock
TIE.VN,Công ty Cổ phần TIE,VnStock
TID.VN,Công ty Cổ phần Tổng Công ty Tín Nghĩa,VnStock
THW.VN,Công ty Cổ phần Cấp nước Tân Hòa,VnStock
THU.VN,Công ty Cổ phần Môi trường và Công trình đô thị Thanh Hóa,VnStock
THT.VN,Công ty Cổ phần Than Hà Tu - Vinacomin,VnStock
THS.VN,Công ty Cổ phần Thanh Hoa Sông Đà,VnStock
THP.VN,Công ty Cổ phần Thủy sản và Thương mại Thuận Phước,VnStock
THN.VN,Công ty Cổ phần Cấp nước Thanh Hóa,VnStock
THM.VN,Công ty Cổ phần Tứ Hải Hà Nam,VnStock
THI.VN,Công ty Cổ phần Thiết bị điện,VnStock
THG.VN,Công ty Cổ phần Đầu tư và Xây dựng Tiền Giang,VnStock
THD.VN,Công ty Cổ phần Thaiholdings,VnStock
THB.VN,Công ty Cổ phần Bia Hà Nội - Thanh Hóa,VnStock
TH1.VN,Công ty Cổ phần Xuất nhập khẩu Tổng hợp I Việt Nam,VnStock
TGP.VN,Công ty Cổ phần Trường Phú,VnStock
TGG.VN,Công ty Cổ phần The Golden Group,VnStock
TFC.VN,Công ty Cổ phần Trang,VnStock
TET.VN,Công ty Cổ phần Vải sợi May mặc Miền Bắc,VnStock
TEL.VN,Công ty Cổ phần Phát triển Công trình Viễn thông,VnStock
TEG.VN,Công ty Cổ phần Năng Lượng và Bất động sản Trường Thành,VnStock
TED.VN,Tổng Công ty Tư vấn Thiết kế Giao thông Vận tải - CTCP,VnStock
TEC.VN,Công ty Cổ phần Traenco,VnStock
TDW.VN,Công ty Cổ phần Cấp nước Thủ Đức,VnStock
TDT.VN,Công ty Cổ phần Đầu tư và Phát triển TDT,VnStock
TDS.VN,Công ty Cổ phần Thép Thủ Đức - VNSTEEL,VnStock
TDP.VN,Công ty Cổ phần Thuận Đức,VnStock
TDN.VN,Công ty Cổ phần Than Đèo Nai - Vinacomin,VnStock
TDM.VN,Công ty Cổ phần Nước Thủ Dầu Một,VnStock
TDI.VN,Công ty Cổ phần Tập đoàn TDI ,VnStock
TDH.VN,Công ty Cổ phần Phát triển Nhà Thủ Đức,VnStock
TDG.VN,Công ty Cổ phần Đầu tư TDG Global,VnStock
TDF.VN,Công ty Cổ phần Trung Đô,VnStock
TDC.VN,Công ty Cổ phần Kinh doanh và Phát triển Bình Dương,VnStock
TDB.VN,Công ty Cổ phần Thủy điện Định Bình,VnStock
TD6.VN,Công ty Cổ Phần Than Đèo Nai - Cọc Sáu - TKV,VnStock
TCX.VN,Công ty Cổ phần Chứng khoán Kỹ Thương,VnStock
TCW.VN,Công ty Cổ phần Kho Vận Tân Cảng,VnStock
TCT.VN,Công ty Cổ phần Cáp treo Núi Bà Tây Ninh,VnStock
TCR.VN,Công ty Cổ phần Công nghiệp Gốm sứ TAICERA,VnStock
TCO.VN,Công ty Cổ phần TCO Holdings,VnStock
TCM.VN,Công ty Cổ phần Dệt may - Đầu tư - Thương mại Thành Công,VnStock
TCL.VN,Công ty Cổ phần Đại lý Giao nhận Vận tải Xếp dỡ Tân Cảng,VnStock
TCK.VN,Tổng Công ty Cơ khí Xây dựng - CTCP,VnStock
TCJ.VN,Công ty Cổ phần Tô Châu,VnStock
TCI.VN,Công ty Cổ phần Chứng khoán Thành Công,VnStock
TCH.VN,Công ty Cổ phần Đầu tư Dịch vụ Tài chính Hoàng Huy,VnStock
TCD.VN,Công ty cổ phần Tập đoàn Xây dựng Tracodi,VnStock
TCB.VN,Ngân hàng Thương mại Cổ phần Kỹ thương Việt Nam,VnStock
TC6.VN,Công ty Cổ phần Than Cọc Sáu - Vinacomin,VnStock
TBX.VN,Công ty Cổ phần Xi măng Thái Bình,VnStock
TBW.VN,Công ty cổ phần Nước sạch Thái Bình,VnStock
TBT.VN,Công ty Cổ phần Xây dựng Công trình Giao thông Bến Tre,VnStock
TBR.VN,Công ty Cổ phần Địa ốc Tân Bình,VnStock
TBH.VN,Công ty Cổ phần Tổng Bách Hóa,VnStock
TBD.VN,Tổng công ty Thiết bị điện Đông Anh - Công ty Cổ phần,VnStock
TBC.VN,Công ty Cổ phần Thủy điện Thác Bà,VnStock
TB8.VN,Công ty Cổ phần Sản xuất và Kinh doanh Vật tư Thiết bị - VVMI,VnStock
TAW.VN,Công ty Cổ phần Cấp nước Trung An,VnStock
TAR.VN,Công ty Cổ phần Nông nghiệp Công nghệ cao Trung An,VnStock
TAP.VN,Công ty Cổ phần Đô thị Tân An,VnStock
TAN.VN,Công ty Cổ phần Cà phê Thuận An,VnStock
TAL.VN,Công Ty Cổ Phần Đầu Tư Bất Động Sản Taseco,VnStock
TAG.VN,Công ty Cổ phần Thế giới số Trần Anh,VnStock
TAC.VN,Công ty Cổ phần Dầu Thực vật Tường An,VnStock
TAB.VN,Công ty Cổ phần Freco Việt Nam,VnStock
TA9.VN,Công ty Cổ phần Xây lắp Thành An 96,VnStock
TA6.VN,Công ty Cổ phần Đầu tư và Xây lắp Thành An 665,VnStock
TA3.VN,Công ty cổ phần Đầu tư và Xây lắp Thành An 386,VnStock
T12.VN,,VnStock
SZL.VN,Công ty Cổ phần Sonadezi Long Thành,VnStock
SZG.VN,Công ty Cổ phần Sonadezi Giang Điền,VnStock
SZE.VN,Công ty Cổ phần Môi trường Sonadezi,VnStock
SZC.VN,Công ty Cổ phần Sonadezi Châu Đức,VnStock
SZB.VN,Công ty Cổ phần Sonadezi Long Bình,VnStock
SWC.VN,Tổng Công ty Cổ phần Đường Sông Miền Nam,VnStock
SVT.VN,Công ty Cổ phần Công nghệ Sài Gòn Viễn Đông,VnStock
SVN.VN,Công ty Cổ phần Tập đoàn Vexilla Việt Nam,VnStock
SVL.VN,,VnStock
SVI.VN,Công ty Cổ phần Bao bì Biên Hòa,VnStock
SVH.VN,Công ty Cổ phần Thủy điện Sông Vàng,VnStock
SVG.VN,Công ty Cổ phần Hơi kỹ nghệ Que hàn,VnStock
SVD.VN,Công ty Cổ phần Đầu tư & Thương mại Vũ Đăng,VnStock
SVC.VN,Công ty Cổ phần Dịch vụ tổng hợp Sài Gòn,VnStock
STW.VN,Công ty Cổ phần Cấp nước Sóc Trăng,VnStock
STT.VN,Công ty Cổ phần Vận chuyển Sài Gòn Tourist,VnStock
STS.VN,Công ty Cổ phần Dịch vụ vận tải Sài Gòn,VnStock
STP.VN,Công ty Cổ phần Công nghiệp Thương mại Sông Đà,VnStock
STL.VN,Công ty Cổ phần Sông Đà - Thăng Long,VnStock
STK.VN,Công ty Cổ phần Sợi Thế Kỷ,VnStock
STH.VN,Công ty Cổ phần Phát hành sách Thái Nguyên,VnStock
STG.VN,Công ty Cổ phần Kho Vận Miền Nam,VnStock
STC.VN,Công ty Cổ phần Sách và Thiết bị trường học Thành phố Hồ Chí Minh,VnStock
STB.VN,Ngân hàng Thương mại Cổ phần Sài Gòn Thương Tín,VnStock
ST8.VN,Công ty Cổ phần Tập đoàn ST8,VnStock
SSU.VN,Công ty Cổ phần Môi trường Đô thị Sóc Sơn,VnStock
SSN.VN,Công ty Cổ phần Xuất nhập khẩu Thủy sản Sài Gòn,VnStock
SSM.VN,Công ty Cổ phần Chế tạo kết cấu thép VNECO.SSM,VnStock
SSI.VN,Công ty Cổ phần Chứng khoán SSI,VnStock
SSH.VN,Công ty Cổ phần Phát triển Sunshine Homes,VnStock
SSG.VN,Công ty Cổ phần Vận tải Biển Hải Âu,VnStock
SSF.VN,Công ty Cổ phần Giáo dục G Sài Gòn,VnStock
SSC.VN,Công ty Cổ phần Giống cây trồng Miền Nam,VnStock
SSB.VN,Ngân hàng Thương mại Cổ phần Đông Nam Á,VnStock
SRT.VN,Công ty Cổ phần Vận tải Đường sắt Sài Gòn,VnStock
SRF.VN,Công ty Cổ phần Searefico,VnStock
SRC.VN,Công ty Cổ phần Cao su Sao Vàng,VnStock
SRB.VN,Công ty Cổ phần Tập đoàn Sara,VnStock
SRA.VN,Công ty Cổ phần SARA Việt Nam,VnStock
SQC.VN,Công ty Cổ phần Khoáng sản Sài Gòn - Quy Nhơn,VnStock
SPV.VN,Công ty Cổ phần Thủy Đặc Sản,VnStock
SPP.VN,Công ty Cổ phần Bao bì Nhựa Sài Gòn,VnStock
SPM.VN,Công ty Cổ phần S.P.M,VnStock
SPI.VN,Công ty Cổ phần Spiral Galaxy,VnStock
SPH.VN,Công ty Cổ phần Xuất Nhập khẩu Thủy sản Hà Nội,VnStock
SPD.VN,Công ty Cổ phần Xuất nhập khẩu Thủy sản Miền Trung,VnStock
SPC.VN,Công ty Cổ phần Bảo vệ Thực vật Sài Gòn,VnStock
SPB.VN,Công ty Cổ phần Sợi Phú Bài,VnStock
SPA.VN,Công ty Cổ phần Bao bì Sài Gòn,VnStock
SP2.VN,Công ty Cổ phần Thủy điện Sử Pán 2,VnStock
SON.VN,,VnStock
SNZ.VN,Tổng Công ty Cổ phần Phát triển Khu Công nghiệp,VnStock
SNC.VN,Công ty Cổ phần Xuất nhập khẩu Thủy sản Năm Căn,VnStock
SMT.VN,Công ty Cổ phần SAMETEL,VnStock
SMN.VN,Công ty Cổ phần Sách và thiết bị giáo dục Miền Nam,VnStock
SMC.VN,Công ty Cổ phần Đầu tư Thương mại SMC,VnStock
SMB.VN,Công ty Cổ phần Bia Sài Gòn - Miền Trung,VnStock
SMA.VN,Công ty Cổ phần Thiết bị Phụ tùng Sài Gòn,VnStock
SLS.VN,Công ty Cổ phần Mía đường Sơn La,VnStock
SLD.VN,Công ty Cổ phần Địa Ốc Sacom,VnStock
SKV.VN,Công ty Cổ phần Nước Giải khát Yến sào Khánh Hòa,VnStock
SKN.VN,Công ty Cổ phần Nước giải khát Sanna Khánh Hòa,VnStock
SKH.VN,Công ty Cổ phần Nước giải khát Sanest Khánh Hòa,VnStock
SKG.VN,Công ty Cổ phần Tàu Cao tốc Superdong - Kiên Giang,VnStock
SJS.VN,Công ty Cổ phần SJ Group,VnStock
SJM.VN,Công ty Cổ phần Sông Đà 19,VnStock
SJG.VN,Tổng Công ty Sông Đà,VnStock
SJF.VN,Công ty Cổ phần Đầu tư Sao Thái Dương,VnStock
SJE.VN,Công ty Cổ phần Sông Đà 11,VnStock
SJD.VN,Công ty Cổ phần Thủy điện Cần Đơn,VnStock
SJC.VN,Công ty Cổ phần Sông Đà 1.01,VnStock
SJ1.VN,Công ty Cổ phần Nông nghiệp Hùng Hậu,VnStock
SIV.VN,Công ty Cổ phần SIVICO,VnStock
SIP.VN,Công ty Cổ phần Đầu tư Sài Gòn VRG,VnStock
SII.VN,Công ty Cổ phần Hạ tầng Nước Sài Gòn,VnStock
SIG.VN,Công ty Cổ phần Đầu tư và Thương mại Sông Đà,VnStock
SID.VN,Công ty Cổ phần Đầu tư Phát triển Sài Gòn Co.op,VnStock
SIC.VN,Công ty Cổ phần ANI,VnStock
SHX.VN,Công ty Cổ phần Sài Gòn Hỏa xa,VnStock
SHS.VN,Công ty Cổ phần Chứng khoán Sài Gòn - Hà Nội,VnStock
SHP.VN,Công ty Cổ phần Thủy điện Miền Nam,VnStock
SHN.VN,Công ty Cổ phần Đầu tư Tổng hợp Hà Nội,VnStock
SHI.VN,Công ty Cổ phần Quốc tế Sơn Hà,VnStock
SHG.VN,Tổng Công ty Cổ phần Sông Hồng,VnStock
SHE.VN,Công ty Cổ phần Phát triển Năng Lượng Sơn Hà,VnStock
SHC.VN,Công ty Cổ phần Hàng hải Sài Gòn,VnStock
SHB.VN,Ngân hàng Thương mại Cổ phần Sài Gòn – Hà Nội,VnStock
SHA.VN,Công ty Cổ phần Sơn Hà Sài Gòn,VnStock
SGT.VN,Công ty Cổ phần Công nghệ Viễn thông Sài Gòn,VnStock
SGS.VN,Công ty Cổ phần Vận tải biển Sài Gòn,VnStock
SGR.VN,Công ty Cổ phần Tổng Công ty Cổ phần Địa ốc Sài Gòn,VnStock
SGP.VN,Công ty Cổ phần Cảng Sài Gòn,VnStock
SGO.VN,Công ty Cổ phần Dầu thực vật Sài Gòn,VnStock
SGN.VN,Công ty Cổ phần Phục vụ mặt đất Sài Gòn,VnStock
SGI.VN,Công ty Cổ phần Đầu tư SGI Holdings,VnStock
SGH.VN,Công ty Cổ phần Khách sạn Sài Gòn,VnStock
SGD.VN,Công ty Cổ phần Sách Giáo dục tại Thành phố Hồ Chí Minh,VnStock
SGC.VN,Công ty Cổ phần Xuất nhập khẩu Sa Giang,VnStock
SGB.VN,Ngân hàng Thương mại Cổ phần Sài Gòn Công thương,VnStock
SFN.VN,Công ty Cổ phần Dệt lưới Sài Gòn,VnStock
SFI.VN,Công ty Cổ phần Đại lý Vận tải SAFI,VnStock
SFG.VN,Công ty Cổ phần Phân bón Miền Nam,VnStock
SFC.VN,Công ty Cổ phần Nhiên liệu Sài Gòn,VnStock
SEP.VN,Công ty Cổ phần Tổng Công ty Thương mại Quảng Trị,VnStock
SED.VN,Công ty Cổ phần Đầu tư và Phát triển Giáo dục Phương Nam,VnStock
SEB.VN,Công ty Cổ phần Đầu tư và Phát triển Điện Miền Trung,VnStock
SEA.VN,Tổng Công ty Thủy sản Việt Nam - Công ty Cổ phần,VnStock
SDY.VN,Công ty Cổ phần Xi măng Sông Đà Yaly,VnStock
SDX.VN,Công ty Cổ phần Phòng cháy chữa cháy và Đầu tư Xây dựng Sông Đà,VnStock
SDV.VN,Công ty Cổ phần Dịch vụ Sonadezi,VnStock
SDU.VN,Công ty Cổ phần Đầu tư Xây dựng và Phát triển Đô thị Sông Đà,VnStock
SDT.VN,Công ty Cổ phần Sông Đà 10,VnStock
SDP.VN,Công ty Cổ phần SDP,VnStock
SDN.VN,Công ty Cổ phần Sơn Đồng Nai,VnStock
SDK.VN,Công ty Cổ phần Cơ khí Luyện Kim,VnStock
SDJ.VN,Công ty Cổ phần Sông Đà 25,VnStock
SDH.VN,Công ty Cổ phần Xây dựng hạ tầng Sông Đà,VnStock
SDG.VN,Công ty Cổ phần Sadico Cần Thơ,VnStock
SDD.VN,Công ty Cổ phần Đầu tư và Xây lắp Sông Đà,VnStock
SDC.VN,Công ty Cổ phần Tư vấn Sông Đà,VnStock
SDB.VN,Công ty Cổ phần Sông Đà 207,VnStock
SDA.VN,Công ty Cổ phần SIMCO Sông Đà,VnStock
SD9.VN,Công ty Cổ phần Sông Đà 9,VnStock
SD8.VN,Công ty Cổ phần Sông Đà 8,VnStock
SD7.VN,Công ty Cổ phần Sông Đà 7,VnStock
SD6.VN,Công ty Cổ phần Sông Đà 6,VnStock
SD5.VN,Công ty Cổ phần Sông Đà 5,VnStock
SD4.VN,Công ty Cổ phần Sông Đà 4,VnStock
SD3.VN,Công ty Cổ phần Sông Đà 3,VnStock
SD2.VN,Công ty Cổ phần Sông Đà 2,VnStock
SD1.VN,Công ty Cổ phần Sông Đà 1,VnStock
SCY.VN,Công ty Cổ phần Đóng tàu Sông Cấm,VnStock
SCV.VN,Công ty Cổ phần Muối Việt Nam,VnStock
SCS.VN,Công ty Cổ phần Dịch vụ Hàng hóa Sài Gòn,VnStock
SCR.VN,Công ty Cổ phần Địa Ốc Sài Gòn Thương Tín,VnStock
SCO.VN,Công ty Cổ phần Công nghiệp Thủy sản,VnStock
SCL.VN,Công ty Cổ phần Sông Đà Cao Cường,VnStock
SCJ.VN,Công ty Cổ phần Xi măng Sài Sơn,VnStock
SCI.VN,Công ty Cổ phần SCI E&C,VnStock
SCG.VN,Công ty Cổ phần Tập đoàn Xây dựng SCG,VnStock
SCD.VN,Công ty Cổ phần Nước giải khát Chương Dương,VnStock
SCC.VN,Công ty Cổ phần Thương mại Đầu tư SHB,VnStock
SCA.VN,Công ty Cổ phần Nông nghiệp Sông Con,VnStock
SC5.VN,Công ty Cổ phần Xây dựng số 5,VnStock
SBV.VN,Công ty Cổ phần Siam Brothers Việt Nam,VnStock
SBT.VN,Công ty Cổ phần Thành Thành Công - Biên Hòa,VnStock
SBS.VN,Công ty Cổ phần Chứng khoán SBS,VnStock
SBR.VN,Công ty Cổ phần Cao su Sông Bé,VnStock
SBM.VN,Công ty Cổ phần Đầu tư phát triển Bắc Minh,VnStock
SBL.VN,Công ty Cổ phần Bia Sài Gòn - Bạc Liêu,VnStock
SBH.VN,Công ty Cổ phần Thủy điện Sông Ba Hạ,VnStock
SBG.VN,Công ty Cổ Phần Tập Đoàn Cơ Khí Công Nghệ Cao Siba,VnStock
SBD.VN,Công ty Cổ phần Công nghệ Sao Bắc Đẩu,VnStock
SBB.VN,Công ty Cổ phần Tập đoàn Bia Sài Gòn Bình Tây,VnStock
SBA.VN,Công ty Cổ phần Sông Ba,VnStock
SB1.VN,Công ty Cổ phần Bia Sài Gòn - Nghệ Tĩnh,VnStock
SAV.VN,Công ty Cổ phần Hợp tác Kinh tế và Xuất nhập khẩu Savimex,VnStock
SAS.VN,Công ty Cổ phần Dịch vụ Hàng không Sân bay Tân Sơn Nhất,VnStock
SAP.VN,Công ty Cổ phần In Sách Giáo khoa TP.Hồ Chí Minh,VnStock
SAM.VN,Công ty Cổ phần SAM Holdings,VnStock
SAL.VN,Công ty Cổ phần Trục vớt Cứu hộ Việt Nam,VnStock
SAF.VN,Công ty Cổ phần Lương thực Thực phẩm SAFOCO,VnStock
SAC.VN,Công ty Cổ phần Xếp dỡ và Dịch vụ cảng Sài Gòn,VnStock
SAB.VN,Tổng Công ty Cổ phần Bia - Rượu - Nước Giải khát Sài Gòn,VnStock
S99.VN,Công ty Cổ phần SCI,VnStock
S96.VN,Công ty Cổ phần Sông Đà 9.06,VnStock
S74.VN,Công ty Cổ phần Sông Đà 7.04,VnStock
S72.VN,Công ty Cổ phần Sông Đà 7.02,VnStock
S55.VN,Công ty Cổ phần Sông Đà 505,VnStock
S4A.VN,Công ty Cổ phần Thủy điện Sê San 4A,VnStock
S27.VN,Công ty Cổ phần Sông Đà 27,VnStock
S12.VN,Công ty Cổ phần Sông Đà 12,VnStock
RYG.VN,Công ty Cổ phần Sản xuất và Đầu tư Hoàng Gia,VnStock
RTB.VN,Công ty Cổ phần Cao su Tân Biên,VnStock
ROS.VN,Công ty Cổ phần Xây dựng FLC FAROS,VnStock
RIC.VN,Công ty Cổ phần Quốc Tế Hoàng Gia,VnStock
RGG.VN,Công ty Cổ phần Regal Group,VnStock
RGC.VN,Công ty Cổ phần Đầu tư PV-Inconess,VnStock
REE.VN,Công ty Cổ phần Cơ điện Lạnh,VnStock
RDP.VN,Công ty Cổ phần Rạng Đông Holding,VnStock
RCL.VN,Công ty Cổ phần Địa ốc Chợ Lớn,VnStock
RCD.VN,Công ty Cổ phần Xây dựng - Địa ốc Cao su,VnStock
RCC.VN,Công ty Cổ phần Tổng Công ty Công trình Đường sắt Việt Nam,VnStock
RBC.VN,Công ty Cổ phần Công Nghiệp và Xuất nhập khẩu Cao Su,VnStock
RAT.VN,Công ty Cổ phần Vận tải và Thương mại Đường sắt,VnStock
RAL.VN,Công ty Cổ phần Bóng đèn Phích nước Rạng Đông,VnStock
QTP.VN,Công ty Cổ phần Nhiệt điện Quảng Ninh,VnStock
QTC.VN,Công ty Cổ phần Công trình Giao thông Vận tải Quảng Nam,VnStock
QST.VN,Công ty Cổ phần Sách và Thiết bị trường học Quảng Ninh,VnStock
QSP.VN,Công ty Cổ phần Tân cảng Quy Nhơn,VnStock
QPH.VN,Công ty Cổ phần Thủy điện Quế Phong,VnStock
QNW.VN,Công ty Cổ phần Cấp thoát nước và xây dựng Quảng Ngãi,VnStock
QNU.VN,Công ty Cổ phần Môi trường Đô thị Quảng Nam,VnStock
QNT.VN,Công ty Cổ phần Tư vấn và Đầu tư Phát triển Quảng Nam,VnStock
QNS.VN,Công ty Cổ phần Đường Quảng Ngãi,VnStock
QNP.VN,Công ty Cổ phần Cảng Quy Nhơn,VnStock
QNC.VN,Công ty Cổ phần Xi măng và Xây dựng Quảng Ninh,VnStock
QLT.VN,Công ty Cổ phần Quản lý Bảo trì Đường thủy Nội địa số 10,VnStock
QLD.VN,Công ty Cổ phần Quản lý và Xây dựng Giao thông Lạng Sơn,VnStock
QHW.VN,Công ty Cổ phần Nước khoáng Quảng Ninh,VnStock
QHD.VN,Công ty Cổ phần Que hàn điện Việt Đức,VnStock
QCG.VN,Công ty Cổ phần Quốc Cường Gia Lai,VnStock
QCC.VN,Công ty Cổ phần Đầu tư Xây dựng và Phát triển Hạ tầng Viễn Thông,VnStock
QBS.VN,Công ty Cổ phần Xuất nhập khẩu Quảng Bình,VnStock
PYU.VN,Công ty Cổ phần Môi trường và Công trình đô thị Phúc Yên,VnStock
PXT.VN,Công ty Cổ phần Xây lắp Đường ống Bể chứa Dầu khí,VnStock
PXS.VN,Công ty Cổ phần Kết cấu Kim loại và Lắp máy Dầu khí,VnStock
PXM.VN,Công ty Cổ phần Xây lắp Dầu khí Miền Trung,VnStock
PXL.VN,Công ty Cổ phần Đầu tư Khu Công Nghiệp Dầu khí Long Sơn,VnStock
PXI.VN,Công ty Cổ phần Xây dựng Công nghiệp và Dân dụng Dầu khí,VnStock
PXC.VN,Công ty Cổ phần Phát triển Đô thị Dầu khí,VnStock
PXA.VN,Công ty Cổ phần Đầu tư và Thương mại Dầu khí Nghệ An,VnStock
PX1.VN,Công ty Cổ phần Xi măng Sông Lam 2,VnStock
PWS.VN,Công ty Cổ phần Cấp thoát nước Phú Yên,VnStock
PWA.VN,Công ty Cổ phần Bất động sản dầu khí,VnStock
PVY.VN,Công ty Cổ phần Chế tạo Giàn khoan Dầu khí,VnStock
PVX.VN,Tổng Công ty Cổ phần Xây lắp Dầu khí Việt Nam,VnStock
PVV.VN,Công ty Cổ phần Vinaconex 39,VnStock
PVT.VN,Tổng Công ty Cổ phần Vận tải Dầu khí,VnStock
PVS.VN,Tổng Công ty Cổ phần Dịch vụ Kỹ thuật Dầu khí Việt Nam,VnStock
PVR.VN,Công ty Cổ phần Đầu tư PVR Hà Nội,VnStock
PVP.VN,Công ty Cổ phần Vận tải Dầu khí Thái Bình Dương,VnStock
PVO.VN,Công ty Cổ phần Dầu nhờn PV Oil,VnStock
PVM.VN,Công ty Cổ phần Máy - Thiết bị Dầu khí,VnStock
PVL.VN,Công ty Cổ phần Đầu tư Nhà Đất Việt,VnStock
PVI.VN,Công ty Cổ phần PVI,VnStock
PVH.VN,Công ty Cổ phần Xây lắp Dầu khí Thanh Hóa,VnStock
PVG.VN,Công ty Cổ phần Kinh doanh LPG Việt Nam,VnStock
PVE.VN,Tổng Công ty Tư vấn Thiết kế Dầu khí - Công ty Cổ phần,VnStock
PVD.VN,Tổng Công ty Cổ phần Khoan và Dịch vụ khoan Dầu khí,VnStock
PVC.VN,Tổng Công ty Hóa chất và Dịch vụ Dầu khí - Công ty Cổ phần,VnStock
PVB.VN,Công ty Cổ phần Bọc ống Dầu khí Việt Nam,VnStock
PVA.VN,Công ty Cổ phần Tổng Công ty Xây lắp Dầu khí Nghệ An,VnStock
PV2.VN,Công ty Cổ phần Đầu tư PV2,VnStock
PTX.VN,Công ty Cổ phần Vận tải và Dịch vụ Petrolimex Nghệ Tĩnh,VnStock
PTV.VN,Công ty Cổ phần Thương mại Dầu khí,VnStock
PTT.VN,Công ty Cổ phần Vận tải Dầu khí Đông Dương,VnStock
PTS.VN,Công ty Cổ phần Vận tải và Dịch vụ Petrolimex Hải Phòng,VnStock
PTP.VN,Công ty Cổ phần PTP,VnStock
PTO.VN,Công ty Cổ phần Dịch vụ - Xây dựng Công trình Bưu điện,VnStock
PTN.VN,Công ty Cổ phần Phát triển Nhà Khánh Hòa,VnStock
PTM.VN,"Công ty Cổ phần Sản xuất, Thương mại Và Dịch vụ Ô tô PTM",VnStock
PTL.VN,Công ty Cổ phần Victory Group,VnStock
PTI.VN,Tổng Công ty Cổ phần Bảo hiểm Bưu điện,VnStock
PTH.VN,Công ty Cổ phần Vận tải và Dịch vụ Petrolimex Hà Tây,VnStock
PTG.VN,Công ty Cổ phần May Xuất Khẩu Phan Thiết,VnStock
PTE.VN,Công ty Cổ phần Xi măng Phú Thọ,VnStock
PTD.VN,Công ty Cổ phần Thiết kế - Xây dựng - Thương mại Phúc Thịnh,VnStock
PTC.VN,Công ty Cổ phần Đầu tư ICAPITAL,VnStock
PTB.VN,Công ty Cổ phần Phú Tài,VnStock
PSW.VN,Công ty Cổ phần Phân bón và hóa chất dầu khí Tây Nam Bộ,VnStock
PSP.VN,Công ty Cổ phần Cảng Dịch vụ Dầu khí Đình Vũ,VnStock
PSN.VN,Công ty Cổ phần Dịch vụ Kỹ thuật PTSC Thanh Hóa,VnStock
PSL.VN,Công ty Cổ phần Chăn nuôi Phú Sơn,VnStock
PSI.VN,Công ty Cổ phần Chứng khoán Dầu khí,VnStock
PSH.VN,Công ty Cổ phần Thương mại Đầu tư Dầu khí Nam Sông Hậu,VnStock
PSG.VN,Công ty Cổ phần Đầu tư và Xây lắp Dầu khí Sài Gòn,VnStock
PSE.VN,Công ty Cổ phần Phân bón và hóa chất dầu khí Đông Nam Bộ,VnStock
PSD.VN,Công ty Cổ phần Dịch vụ Phân phối Tổng hợp Dầu khí,VnStock
PSC.VN,Công ty Cổ phần Vận tải và Dịch vụ Petrolimex Sài Gòn,VnStock
PSB.VN,Công ty Cổ phần Đầu tư Dầu khí Sao Mai Bến Đình,VnStock
PRT.VN,Tổng Công ty Sản xuất - Xuất nhập khẩu Bình Dương - Công ty cổ phần,VnStock
PRO.VN,Công ty Cổ phần Procimex Việt Nam,VnStock
PRE.VN,Tổng Công ty Cổ phần Tái bảo hiểm Hà Nội,VnStock
PRC.VN,Công ty Cổ phần Logistics Portserco,VnStock
PQN.VN,Công ty Cổ phần Dịch vụ Dầu khí Quảng Ngãi PTSC,VnStock
PPY.VN,Công ty Cổ phần Xăng dầu dầu khí Phú Yên,VnStock
PPT.VN,Công ty cổ phần Petro Times,VnStock
PPS.VN,Công ty Cổ phần Dịch vụ Kỹ thuật Điện lực Dầu khí Việt Nam,VnStock
PPP.VN,Công ty Cổ phần Dược phẩm Phong Phú,VnStock
PPI.VN,Công ty Cổ phần Đầu tư và Phát triển dự án hạ tầng Thái Bình Dương,VnStock
PPH.VN,Tổng Công ty Cổ phần Phong Phú,VnStock
PPE.VN,Công ty Cổ phần Tư vấn Đầu tư PP Enterprise,VnStock
PPC.VN,Công ty Cổ phần Nhiệt điện Phả Lại,VnStock
POW.VN,Tổng Công ty Điện lực Dầu khí Việt Nam - CTCP,VnStock
POV.VN,Công ty Cổ phần Xăng dầu Dầu khí Vũng Áng,VnStock
POT.VN,Công ty Cổ phần Thiết bị Bưu điện,VnStock
POS.VN,Công ty Cổ phần Vận hành và Xây lắp PTSC,VnStock
POM.VN,Công ty Cổ phần Thép Pomina,VnStock
POB.VN,Công ty Cổ phần Xăng dầu Dầu khí Hưng Yên,VnStock
PNT.VN,Công ty Cổ phần Kỹ thuật Xây dựng Phú Nhuận,VnStock
PNP.VN,Công ty Cổ phần Tân Cảng – Phú Hữu,VnStock
PNJ.VN,Công ty Cổ phần Vàng bạc Đá quý Phú Nhuận,VnStock
PNG.VN,Công ty Cổ phần Thương Mại Phú Nhuận,VnStock
PND.VN,Công ty Cổ phần Xăng dầu Dầu khí Nam Định,VnStock
PNC.VN,Công ty Cổ phần Văn hóa Phương Nam,VnStock
PMW.VN,Công ty Cổ phần Cấp Nước Phú Mỹ,VnStock
PMT.VN,Công ty Cổ phần Viễn thông Telvina Việt Nam,VnStock
PMS.VN,Công ty Cổ phần Cơ khí Xăng dầu,VnStock
PMP.VN,Công ty Cổ phần Bao bì Đạm Phú Mỹ,VnStock
PMJ.VN,Công ty Cổ phần Vật tư Bưu điện,VnStock
PMG.VN,Công ty Cổ phần Đầu tư và Sản xuất Petro Miền Trung,VnStock
PMC.VN,Công ty Cổ phần Dược phẩm Dược liệu Pharmedic,VnStock
PMB.VN,Công ty Cổ phần Phân bón và Hóa chất Dầu khí Miền Bắc,VnStock
PLX.VN,Tập đoàn Xăng dầu Việt Nam,VnStock
PLP.VN,Công ty Cổ phần Sản xuất và Công nghệ Nhựa Pha Lê,VnStock
PLO.VN,Công ty Cổ phần Kho vận Petec,VnStock
PLE.VN,Công ty Cổ phần Tư vấn Xây dựng Petrolimex,VnStock
PLC.VN,Tổng Công ty Hóa dầu Petrolimex - Công ty Cổ phần,VnStock
PLA.VN,Công ty Cổ phần Đầu tư và Dịch vụ hạ tầng Xăng dầu,VnStock
PJT.VN,Công ty Cổ phần Vận tải Xăng dầu đường thủy Petrolimex,VnStock
PJS.VN,Công ty Cổ phần Cấp nước Phú Hòa Tân,VnStock
PJC.VN,Công ty Cổ phần Thương mại và Vận tải Petrolimex Hà Nội,VnStock
PIV.VN,Công ty Cổ phần PIV,VnStock
PIT.VN,Công ty Cổ phần Xuất nhập khẩu Petrolimex,VnStock
PIS.VN,Tổng Công ty Pisico Bình Định - Công ty Cổ phần,VnStock
PID.VN,Công ty Cổ phần Trang trí nội thất Dầu khí,VnStock
PIC.VN,Công ty Cổ phần Đầu tư Điện lực 3,VnStock
PIA.VN,Công ty Cổ phần Tin học Viễn thông Petrolimex,VnStock
PHS.VN,Công ty Cổ phần Chứng khoán Phú Hưng,VnStock
PHR.VN,Công ty Cổ phần Cao su Phước Hòa,VnStock
PHP.VN,Công ty Cổ phần Cảng Hải Phòng,VnStock
PHN.VN,Công ty Cổ phần Pin Hà Nội,VnStock
PHH.VN,Công ty Cổ phần Hồng Hà Việt Nam,VnStock
PHC.VN,Công ty Cổ phần Xây dựng Phục Hưng Holdings,VnStock
PGV.VN,Tổng Công ty Phát điện 3 - Công ty Cổ phần,VnStock
PGT.VN,Công ty Cổ phần PGT Holdings,VnStock
PGS.VN,Công ty Cổ phần Kinh doanh Khí Miền Nam,VnStock
PGN.VN,Công ty Cổ phần Phụ Gia Nhựa,VnStock
PGI.VN,Tổng Công ty Cổ phần Bảo hiểm Petrolimex,VnStock
PGD.VN,Công ty Cổ phần Phân phối khí thấp áp dầu khí Việt Nam,VnStock
PGC.VN,Tổng Công ty Gas Petrolimex - Công ty Cổ phần,VnStock
PGB.VN,Ngân hàng Thương mại Cổ phần Thịnh vượng và Phát triển,VnStock
PFL.VN,Công ty Cổ phần Dầu khí Đông Đô,VnStock
PET.VN,Tổng Công ty Cổ phần Dịch vụ Tổng hợp Dầu khí,VnStock
PEQ.VN,Công ty Cổ phần Thiết bị xăng dầu Petrolimex,VnStock
PEN.VN,Công ty Cổ phần Xây lắp III Petrolimex,VnStock
PEG.VN,Tổng Công ty Thương mại Kỹ thuật và Đầu tư - Công ty Cổ phần,VnStock
PEC.VN,Công ty Cổ phần Cơ khí Điện lực,VnStock
PDV.VN,Công ty Cổ phần Vận tải và Tiếp vận Phương Đông Việt,VnStock
PDT.VN,,VnStock
PDR.VN,Công ty Cổ phần Phát triển Bất động sản Phát Đạt,VnStock
PDN.VN,Công ty Cổ phần Cảng Đồng Nai,VnStock
PDC.VN,Công ty Cổ phần Du lịch Dầu khí Phương Đông,VnStock
PDB.VN,Công ty Cổ phần Tập đoàn Đầu tư DIN Capital,VnStock
PCT.VN,Công ty Cổ phần Vận tải Biển Global Pacific,VnStock
PCN.VN,Công ty Cổ phần Hóa phẩm dầu khí DMC - Miền Bắc,VnStock
PCM.VN,Công ty Cổ phần Vật liệu Xây dựng Bưu điện,VnStock
PCH.VN,Công ty Cổ phần Nhựa Picomat,VnStock
PCG.VN,Công ty Cổ phần Đầu tư Phát triển Gas Đô thị,VnStock
PCF.VN,Công ty Cổ phần Cà phê PETEC,VnStock
PCE.VN,Công ty Cổ phần Phân bón và hóa chất dầu khí Miền Trung,VnStock
PCC.VN,Công ty Cổ phần Tập đoàn Xây lắp 1 - Petrolimex,VnStock
PC1.VN,Công ty Cổ phần Tập đoàn PC1,VnStock
PBT.VN,Công ty Cổ Phần Bao bì và Thương mại Dầu khí Bình Sơn,VnStock
PBP.VN,Công ty Cổ phần Bao bì Dầu khí Việt Nam,VnStock
PBC.VN,Công ty Cổ phần Dược Phẩm Trung ương 1 - Pharbaco,VnStock
PAT.VN,Công ty Cổ phần Phốt pho Apatit Việt Nam,VnStock
PAS.VN,Công ty Cổ phần Quốc tế Phương Anh,VnStock
PAP.VN,Công ty Cổ phần Dầu khí đầu tư khai thác Cảng Phước An,VnStock
PAN.VN,Công ty Cổ phần Tập đoàn PAN,VnStock
PAI.VN,"Công ty Cổ phần Công nghê thông tin, Viễn thông và Tự động hóa Dầu khí",VnStock
PAC.VN,Công ty Cổ phần Pin Ắc quy Miền Nam,VnStock
ORS.VN,Công ty Cổ phần Chứng khoán Tiên Phong,VnStock
OPC.VN,Công ty Cổ phần Dược Phẩm OPC,VnStock
ONW.VN,Công ty Cổ phần Dịch vụ Một Thế giới,VnStock
ONE.VN,Công ty Cổ phần Công nghệ ONE,VnStock
OIL.VN,Tổng Công ty Dầu Việt Nam - Công ty Cổ phần,VnStock
OGC.VN,Công ty Cổ phần Tập đoàn Đại Dương,VnStock
ODE.VN,Công ty cổ phần Tập đoàn Truyền thông và Giải trí ODE,VnStock
OCH.VN,Công ty Cổ phần One Capital Hospitality,VnStock
OCB.VN,Ngân hàng Thương mại Cổ phần Phương Đông,VnStock
NXT.VN,Công ty Cổ phần Sản xuất và Cung ứng vật liệu xây dựng Kon Tum,VnStock
NWT.VN,Công ty Cổ phần Vận tải Newway,VnStock
NVT.VN,Công ty Cổ phần Bất động sản Du lịch Ninh Vân Bay,VnStock
NVP.VN,Công ty Cổ phần Nước sạch Vĩnh Phúc,VnStock
NVL.VN,Công ty Cổ phần Tập đoàn Đầu tư Địa ốc No Va,VnStock
NVB.VN,Ngân hàng Thương mại Cổ phần Quốc Dân,VnStock
NUE.VN,Công ty Cổ phần Môi trường Đô thị Nha Trang,VnStock
NTW.VN,Công ty Cổ phần Cấp nước Nhơn Trạch,VnStock
NTT.VN,Công ty Cổ phần Dệt - May Nha Trang,VnStock
NTP.VN,Công ty Cổ phần Nhựa Thiếu niên Tiền Phong,VnStock
NTL.VN,Công ty Cổ phần Phát triển Đô thị Từ Liêm,VnStock
NTH.VN,Công ty Cổ phần Thủy điện Nước Trong,VnStock
NTF.VN,Công ty Cổ phần Dược - Vật tư y tế Nghệ An,VnStock
NTC.VN,Công ty Cổ phần Khu Công nghiệp Nam Tân Uyên,VnStock
NTB.VN,Công ty Cổ phần Đầu tư Xây dựng và Khai thác Công trình giao thông 584,VnStock
NT2.VN,Công ty Cổ phần Điện lực Dầu khí Nhơn Trạch 2,VnStock
NST.VN,Công ty Cổ phần Ngân Sơn,VnStock
NSS.VN,Công ty Cổ phần Nông súc sản Đồng Nai,VnStock
NSL.VN,Công ty Cổ phần Cấp nước Sơn La,VnStock
NSH.VN,Công ty Cổ phần Tập đoàn Nhôm Sông Hồng Shalumi,VnStock
NSG.VN,Công ty Cổ phần Nhựa Sài Gòn,VnStock
NSC.VN,Công ty Cổ phần Tập đoàn Giống cây trồng Việt Nam,VnStock
NS3.VN,Công ty Cổ phần Sản xuất Kinh doanh Nước sạch số 3 Hà Nội,VnStock
NS2.VN,Công ty Cổ phần Nước sạch số 2 Hà Nội,VnStock
NRC.VN,Công ty Cổ phần Tập đoàn NRC,VnStock
NQT.VN,Công ty Cổ phần Nước sạch Quảng Trị,VnStock
NQN.VN,Công ty Cổ phần Nước sạch Quảng Ninh,VnStock
NQB.VN,Công ty Cổ phần Cấp nước Quảng Bình,VnStock
NOS.VN,Công ty Cổ phần Vận tải Biển và Thương mại Phương Đông,VnStock
NO1.VN,Công ty Cổ phần Tâp đoàn 911,VnStock
NNT.VN,Công ty Cổ phần Cấp nước Ninh Thuận,VnStock
NNQ.VN,,VnStock
NNG.VN,Công ty Cổ phần Công nghiệp - Dịch vụ - Thương mại Ngọc Nghĩa,VnStock
NNC.VN,Công ty Cổ phần Đá Núi Nhỏ,VnStock
NLS.VN,Công ty Cổ phần Cấp thoát nước Lạng Sơn,VnStock
NLG.VN,Công ty Cổ phần Đầu tư Nam Long,VnStock
NKG.VN,Công ty Cổ phần Thép Nam Kim,VnStock
NJC.VN,Công ty Cổ phần May Nam Định,VnStock
NHV.VN,Công ty Cổ phần Sức khỏe Hồi sinh Việt Nam,VnStock
NHT.VN,Công ty Cổ phần Sản xuất và Thương mại Nam Hoa,VnStock
NHP.VN,Công ty Cổ phần Sản xuất Xuất nhập khẩu NHP,VnStock
NHH.VN,Công ty Cổ phần Nhựa Hà Nội,VnStock
NHC.VN,Công ty Cổ phần Gạch ngói Nhị Hiệp,VnStock
NHA.VN,Tổng Công ty Đầu tư Phát triển Nhà và Đô thị Nam Hà Nội,VnStock
NGC.VN,Công ty Cổ phần Chế biến Thủy sản Xuất khẩu Ngô Quyền,VnStock
NFC.VN,Công ty Cổ phần Phân lân Ninh Bình,VnStock
NET.VN,Công ty Cổ phần Bột giặt Net,VnStock
NEM.VN,Công ty Cổ phần Thiết bị Điện Miền Bắc,VnStock
NED.VN,Công ty Cổ phần Đầu tư và Phát triển Điện Tây Bắc,VnStock
NDX.VN,Công ty Cổ phần Xây lắp Phát triển Nhà Đà Nẵng,VnStock
NDW.VN,Công ty Cổ phần Cấp nước Nam Định,VnStock
NDT.VN,Tổng Công ty Cổ phần Dệt may Nam Định,VnStock
NDP.VN,Công ty Cổ phần Dược phẩm 2/9,VnStock
NDN.VN,Công ty Cổ phần Đầu tư Phát triển Nhà Đà Nẵng,VnStock
NDF.VN,Công ty Cổ phần Chế biến thực phẩm nông sản xuất khẩu Nam Định,VnStock
NDC.VN,Công ty Cổ phần Nam Dược,VnStock
ND2.VN,Công ty Cổ phần Đầu tư và Phát triển điện Miền Bắc 2,VnStock
NCT.VN,Công ty Cổ phần Dịch vụ Hàng hóa Nội Bài,VnStock
NCS.VN,Công ty Cổ phần Suất ăn Hàng không Nội Bài,VnStock
NCG.VN,Công ty Cổ phần Tập đoàn Nova Consumer,VnStock
NBW.VN,Công ty Cổ phần Cấp nước Nhà Bè,VnStock
NBT.VN,Công ty Cổ phần Cấp thoát nước Bến Tre,VnStock
NBP.VN,Công ty Cổ phần Nhiệt Điện Ninh Bình,VnStock
NBE.VN,Công ty Cổ phần Sách và Thiết bị Giáo dục Miền Bắc,VnStock
NBC.VN,Công ty Cổ phần Than Núi Béo - Vinacomin,VnStock
NBB.VN,Công ty Cổ phần Đầu tư Năm Bảy Bảy,VnStock
NAW.VN,Công ty Cổ phần Cấp nước Nghệ An,VnStock
NAV.VN,Công ty Cổ phần Nam Việt,VnStock
NAU.VN,Công ty Cổ phần Môi trường và Công trình Đô thị Nghệ An,VnStock
NAS.VN,Công ty Cổ phần Dịch vụ Hàng không Sân bay Việt Nam,VnStock
NAP.VN,Công ty Cổ phần Cảng Nghệ Tĩnh,VnStock
NAG.VN,Công ty Cổ phần Tập đoàn Nagakawa,VnStock
NAF.VN,Công ty Cổ phần Nafoods Group,VnStock
NAC.VN,Công ty Cổ phần Tư vấn Xây dựng Tổng hợp,VnStock
NAB.VN,Ngân hàng Thương mại Cổ phần Nam Á,VnStock
MZG.VN,Công ty Cổ Phần Miza,VnStock
MXC.VN,,VnStock
MWG.VN,Công ty Cổ phần Đầu tư Thế Giới Di Động,VnStock
MVN.VN,Tổng Công ty Hàng hải Việt Nam - CTCP,VnStock
MVC.VN,Công ty Cổ phần Vật liệu và Xây dựng Bình Dương,VnStock
MVB.VN,Tổng Công ty Công nghiệp mỏ Việt Bắc TKV - Công ty Cổ phần,VnStock
MTX.VN,Công ty Cổ phần Công trình Đô thị Gò Công,VnStock
MTV.VN,Công ty Cổ phần Dịch vụ Môi trường và Công trình Đô thị Vũng Tàu,VnStock
MTS.VN,Công ty Cổ phần Vật tư - TKV,VnStock
MTP.VN,Công ty Cổ phần Dược Medipharco,VnStock
MTL.VN,Công ty Cổ phần Dịch vụ Môi trường Đô thị Từ Liêm,VnStock
MTH.VN,Công ty Cổ phần Môi trường Đô thị Hà Đông,VnStock
MTG.VN,Công ty Cổ phần MT Gas,VnStock
MTC.VN,Công ty Cổ phần Dịch vụ Du lịch Mỹ Trà,VnStock
MTB.VN,Công ty Cổ phần Môi trường và Công trình đô thị tỉnh Thái Bình,VnStock
MTA.VN,Tổng Công ty Khoáng sản và Thương mại Hà Tĩnh - Công ty Cổ phần,VnStock
MST.VN,Công ty Cổ phần Đầu tư MST,VnStock
MSR.VN,Công ty Cổ phần Masan High-Tech Materials,VnStock
MSN.VN,Công ty Cổ phần Tập đoàn Masan,VnStock
MSH.VN,Công ty Cổ phần May Sông Hồng,VnStock
MSB.VN,Ngân hàng Thương mại Cổ phần Hàng Hải Việt Nam,VnStock
MRF.VN,Công ty Cổ phần MERUFA,VnStock
MQN.VN,Công ty Cổ phần Môi trường đô thị Quảng Ngãi,VnStock
MQB.VN,Công ty Cổ phần Môi trường và Phát triển đô thị Quảng Bình,VnStock
MPY.VN,Công ty Cổ phần Môi trường đô thị Phú Yên,VnStock
MPT.VN,Công ty Cổ phần Tập đoàn MPT,VnStock
MPC.VN,Công ty Cổ phần Tập đoàn Thủy sản Minh Phú,VnStock
MND.VN,Công ty Cổ phần Môi trường Nam Định,VnStock
MNB.VN,Tổng Công ty May Nhà Bè - Công ty Cổ phần,VnStock
MML.VN,Công ty Cổ phần Masan MEATLife,VnStock
MLS.VN,Công ty Cổ phần Chăn nuôi - Mitraco,VnStock
MLC.VN,Công ty Cổ phần Môi trường Đô thị Tỉnh Lào Cai,VnStock
MKV.VN,Công ty Cổ phần Dược Thú Y Cai Lậy,VnStock
MKP.VN,Công ty Cổ phần Hóa - Dược phẩm Mekophar,VnStock
MIM.VN,Công ty Cổ phần Khoáng sản và Cơ khí,VnStock
MIG.VN,Tổng Công ty Cổ phần Bảo hiểm Quân đội,VnStock
MIE.VN,Tổng Công ty Máy và Thiết bị Công nghiệp - CTCP,VnStock
MIC.VN,Công ty Cổ phần Kỹ nghệ Khoáng sản Quảng Nam,VnStock
MHL.VN,Công ty Cổ phần Minh Hữu Liên,VnStock
MHC.VN,Công ty Cổ phần MHC,VnStock
MH3.VN,Công ty Cổ phần Khu công nghiệp Cao su Bình Long,VnStock
MGR.VN,Công ty cổ phần Tập đoàn MGROUP,VnStock
MGG.VN,Tổng Công ty Đức Giang - Công ty Cổ phần,VnStock
MGC.VN,Công ty Cổ phần Địa chất mỏ - TKV,VnStock
MFS.VN,Công ty Cổ phần Dịch vụ kỹ thuật Mobifone,VnStock
MES.VN,Công ty Cổ phần Cơ điện Công trình,VnStock
MEL.VN,Công ty Cổ phần Thép Mê Lin,VnStock
MEG.VN,Công ty Cổ phần Megram,VnStock
MEF.VN,Công ty Cổ phần MEINFA,VnStock
MED.VN,Công ty Cổ phần Dược Trung ương Mediplantex,VnStock
MEC.VN,Công ty Cổ phần Cơ khí - Lắp máy Sông Đà,VnStock
MDG.VN,Công ty Cổ phần Miền Đông,VnStock
MDF.VN,Công ty Cổ phần Gỗ MDF VRG - Quảng Trị,VnStock
MDC.VN,Công ty Cổ phần Than Mông Dương - Vinacomin,VnStock
MDA.VN,Công ty Cổ phần Môi trường Đô thị Đông Anh,VnStock
MCP.VN,Công ty Cổ phần In và Bao bì Mỹ Châu,VnStock
MCO.VN,Công ty Cổ phần Đầu tư và Xây dựng BDC Việt Nam,VnStock
MCM.VN,Công ty Cổ phần Giống bò sữa Mộc Châu,VnStock
MCI.VN,Công ty Cổ phần Đầu tư Xây dựng và Phát triển Vật liệu IDICO,VnStock
MCH.VN,Công ty Cổ phần Hàng Tiêu Dùng MaSan,VnStock
MCG.VN,Công ty Cổ phần Năng lượng và Bất động sản MCG,VnStock
MCF.VN,Công ty Cổ phần Xây lắp Cơ khí và Lương thực Thực phẩm,VnStock
MCD.VN,Công ty Cổ phần Môi trường và Công trình Đô thị Đông Hà,VnStock
MCC.VN,Công ty Cổ phần Gạch ngói cao cấp,VnStock
MC3.VN,Công ty Cổ phần Khoáng sản 3 - Vimico,VnStock
MBT.VN,Công ty Cổ phần Bất động sản cho thuê Minh Bảo Tín,VnStock
MBS.VN,Công ty Cổ phần Chứng khoán MB,VnStock
MBN.VN,Công ty Cổ phần Môi trường và Công trình đô thị Bắc Ninh,VnStock
MBG.VN,Công ty Cổ phần Tập đoàn MBG,VnStock
MBB.VN,Ngân hàng Thương mại Cổ phần Quân đội,VnStock
MAS.VN,Công ty cổ phần Dịch vụ Hàng Không Sân Bay Đà Nẵng,VnStock
MAC.VN,Công ty Cổ phần Tập đoàn Macstar,VnStock
MA1.VN,Công ty Cổ phần Thiết bị,VnStock
M10.VN,Tổng công ty May 10 - Công ty Cổ phần,VnStock
LYF.VN,Công ty Cổ phần Lương Thực Lương Yên,VnStock
LWS.VN,Công ty Cổ phần Cấp nước Tỉnh Lào Cai,VnStock
LUT.VN,Công ty Cổ phần Đầu tư Xây dựng Lương Tài,VnStock
LTG.VN,Công ty Cổ phần Tập đoàn Lộc Trời,VnStock
LTC.VN,Công ty Cổ phần Điện nhẹ Viễn Thông,VnStock
LSS.VN,Công ty Cổ phần Mía đường Lam Sơn,VnStock
LSG.VN,Công ty Cổ phần Bất động sản Sài Gòn Vi na,VnStock
LQN.VN,Công ty Cổ phần Licogi Quảng Ngãi,VnStock
LPT.VN,Công ty Cổ phần Thương mại và Sản xuất Lập Phương Thành,VnStock
LPB.VN,Ngân hàng Thương mại Cổ phần Lộc Phát Việt Nam,VnStock
LO5.VN,Công ty Cổ phần Lilama 5,VnStock
LNC.VN,Công ty Cổ phần Lệ Ninh,VnStock
LMI.VN,Công ty Cổ phần Đầu tư Xây dựng Lắp máy IDICO,VnStock
LMH.VN,Công ty Cổ phần Quốc Tế Holding,VnStock
LMC.VN,Công ty Cổ phần Long Beach LMC,VnStock
LM8.VN,Công ty Cổ phần Lilama 18,VnStock
LM7.VN,Công ty Cổ phần Lilama 7,VnStock
LM3.VN,Công ty Cổ phần Lilama 3,VnStock
LLM.VN,Tổng Công ty lắp máy Việt Nam - Công ty Cổ phần,VnStock
LKW.VN,Công ty Cổ phần Cấp nước Long Khánh,VnStock
LIX.VN,Công ty Cổ phần Bột Giặt LIX,VnStock
LIG.VN,Công ty Cổ phần Licogi 13,VnStock
LIC.VN,Tổng Công ty LICOGI - Công ty Cổ phần,VnStock
LHG.VN,Công ty Cổ phần Long Hậu,VnStock
LHC.VN,Công ty Cổ phần Đầu tư và Xây dựng Thủy lợi Lâm Đồng,VnStock
LGM.VN,Công ty Cổ phần Giày da và May mặc Xuất khẩu (Legamex),VnStock
LGL.VN,Công ty Cổ phần Đầu tư và Phát triển Đô thị Long Giang,VnStock
LGC.VN,Công ty Cổ phần Đầu tư Cầu đường CII,VnStock
LG9.VN,Công ty Cổ phần Cơ giới và Xây lắp số 9,VnStock
LEC.VN,Công ty Cổ phần Bất động sản Điện lực Miền Trung,VnStock
LDW.VN,Công ty Cổ phần Cấp thoát nước Lâm Đồng,VnStock
LDP.VN,Công ty Cổ phần Dược Lâm Đồng - Ladophar,VnStock
LDG.VN,Công ty Cổ phần Đầu tư LDG,VnStock
LCW.VN,Công ty Cổ phần Nước sạch Lai Châu,VnStock
LCS.VN,Công ty Cổ phần Licogi 16.6,VnStock
LCM.VN,Công ty Cổ phần Khai thác và Chế biến Khoáng sản Lào Cai,VnStock
LCG.VN,Công ty Cổ phần Lizen,VnStock
LCD.VN,Công ty Cổ phần Lắp máy - Thí nghiệm cơ điện,VnStock
LCC.VN,Công ty Cổ phần Xi măng Hồng Phong,VnStock
LBM.VN,Công ty Cổ phần Khoáng sản và Vật liệu xây dựng Lâm Đồng,VnStock
LBE.VN,Công ty Cổ phần Thương mại và Dịch vụ LVA,VnStock
LBC.VN,Công ty Cổ phần Thương mại - Đầu tư Long Biên,VnStock
LAW.VN,Công ty Cổ phần Cấp thoát nước Long An,VnStock
LAS.VN,Công ty Cổ phần Supe Phốt phát và Hóa chất Lâm Thao,VnStock
LAI.VN,Công ty Cổ phần Đầu tư Xây dựng Long An IDICO,VnStock
LAF.VN,Công ty Cổ phần Chế biến Hàng Xuất khẩu Long An,VnStock
L63.VN,Công ty Cổ phần Lilama 69-3,VnStock
L62.VN,Công ty Cổ phần Lilama 69 - 2,VnStock
L61.VN,Công ty Cổ phần Lilama 69-1,VnStock
L45.VN,Công ty Cổ phần Lilama 45.1,VnStock
L44.VN,Công ty Cổ phần Lilama 45.4,VnStock
L43.VN,Công ty Cổ phần Lilama 45.3,VnStock
L40.VN,Công ty Cổ phần Đầu tư và Xây dựng 40,VnStock
L35.VN,Công ty Cổ phần Cơ khí Lắp máy Lilama,VnStock
L18.VN,Công ty Cổ phần Đầu tư và Xây dựng số 18,VnStock
L14.VN,Công ty Cổ phần Licogi 14,VnStock
L12.VN,Công ty Cổ phần Licogi 12,VnStock
L10.VN,Công ty Cổ phần Lilama 10,VnStock
KWA.VN,Công ty Cổ phần Cấp thoát nước và Môi trường Kiến Tường,VnStock
KVC.VN,Công ty Cổ phần Sản xuất Xuất nhập khẩu Inox Kim Vĩ,VnStock
KTW.VN,Công ty Cổ phần Cấp nước Kon Tum,VnStock
KTT.VN,Công ty Cổ phần Tập đoàn Đầu tư KTT,VnStock
KTS.VN,Công ty Cổ phần Đường Kon Tum,VnStock
KTL.VN,Công ty Cổ phần Kim khí Thăng Long,VnStock
KTC.VN,Công ty Cổ phần Thương mại Kiên Giang,VnStock
KSV.VN,Tổng Công ty Khoáng sản TKV - Công ty Cổ phần,VnStock
KST.VN,Công ty Cổ phần KASATI,VnStock
KSQ.VN,Công ty Cổ phần CNC Capital Việt Nam,VnStock
KSH.VN,Công ty Cổ phần Damac GLS,VnStock
KSF.VN,Công ty Cổ phần Tập đoàn Sunshine,VnStock
KSD.VN,Công ty Cổ phần Đầu tư DNA,VnStock
KSB.VN,Công ty Cổ phần Khoáng sản và Xây dựng Bình Dương,VnStock
KPF.VN,Công ty Cổ phần Đầu tư Tài sản KOJI,VnStock
KOS.VN,Công ty Cổ phần KOSY,VnStock
KMT.VN,Công ty Cổ phần Kim khí Miền Trung,VnStock
KMR.VN,Công ty Cổ phần Mirae,VnStock
KLM.VN,Công ty Cổ phần Kim loại màu Nghệ Tĩnh,VnStock
KLF.VN,Công ty Cổ phần Đầu tư Thương mại và Xuất nhập khẩu CFS,VnStock
KLB.VN,Ngân hàng Thương mại Cổ phần Kiên Long,VnStock
KKC.VN,Công ty Cổ phần Tập đoàn Thành Thái,VnStock
KIP.VN,Công ty Cổ phần K.I.P Việt Nam,VnStock
KHW.VN,Công ty Cổ phần Cấp thoát nước Khánh Hòa,VnStock
KHS.VN,Công ty Cổ phần Kiên Hùng,VnStock
KHP.VN,Công ty Cổ phần Điện lực Khánh Hòa,VnStock
KHL.VN,Công ty Cổ phần Khoáng sản và Vật liệu Xây dựng Hưng Long,VnStock
KHG.VN,Công ty Cổ phần Tập đoàn Khải Hoàn Land,VnStock
KHD.VN,"Công ty Cổ phần Khai thác, Chế biến Khoáng sản Hải Dương",VnStock
KHB.VN,Công ty Cổ phần Khoáng sản Hòa Bình,VnStock
KHA.VN,Công ty Cổ phần Đầu tư và Dịch vụ Khánh Hội,VnStock
KGM.VN,Công ty Cổ phần Xuất nhập khẩu Kiên Giang,VnStock
KDM.VN,Công ty Cổ phần Tập đoàn GCL,VnStock
KDH.VN,Công ty Cổ phần Đầu tư và Kinh doanh nhà Khang Điền,VnStock
KDC.VN,Công ty Cổ phần Tập đoàn KIDO,VnStock
KCE.VN,Công ty Cổ phần Bê tông Ly tâm Điện lực Khánh Hòa,VnStock
KCB.VN,Công ty Cổ phần Khoáng Sản và Luyện Kim Cao Bằng,VnStock
KBC.VN,Tổng Công ty Phát triển Đô thị Kinh Bắc,VnStock
KAC.VN,Công ty Cổ phần Đầu tư Địa ốc Khang An,VnStock
JVC.VN,Công ty Cổ phần Đầu tư Y tế - Dược phẩm Việt Nam,VnStock
JOS.VN,Công ty Cổ phần Chế biến Thủy sản Xuất khẩu Minh Hải,VnStock
IVS.VN,Công ty Cổ phần Chứng khoán Guotai Junan (Việt Nam),VnStock
ITS.VN,"Công ty Cổ phần Đầu tư, Thương mại và Dịch vụ - Vinacomin",VnStock
ITQ.VN,Công ty Cổ phần Tập đoàn Thiên Quang,VnStock
ITD.VN,Công ty Cổ phần Công nghệ ITD,VnStock
ITC.VN,Công ty Cổ phần Đầu tư - Kinh doanh nhà,VnStock
ITA.VN,Công ty Cổ phần Đầu tư và Công nghiệp Tân Tạo,VnStock
IST.VN,Công ty Cổ phần ICD Tân Cảng Sóng Thần,VnStock
ISH.VN,Công ty Cổ phần Thủy điện Srok Phu Miêng IDICO,VnStock
ISG.VN,Công ty Cổ phần Vận tải biển và Hợp tác lao động Quốc Tế,VnStock
IRC.VN,Công ty Cổ phần Cao su Công nghiệp,VnStock
IPH.VN,,VnStock
IPA.VN,Công ty Cổ phần Tập đoàn Đầu tư I.P.A,VnStock
INN.VN,Công ty Cổ phần Bao bì và In Nông nghiệp,VnStock
ING.VN,Công ty Cổ phần Đầu Tư Và Phát Triển Xây Dựng,VnStock
INC.VN,Công ty Cổ phần Tư vấn Đầu tư IDICO,VnStock
IN4.VN,Công ty Cổ phần In số 4,VnStock
IMP.VN,Công ty Cổ phần Dược phẩm IMEXPHARM,VnStock
IME.VN,Công ty Cổ phần Cơ khí và Xây lắp Công nghiệp,VnStock
ILS.VN,Công ty Cổ phần Đầu tư Thương mại và Dịch vụ Quốc tế,VnStock
ILC.VN,Công ty Cổ phần Hợp tác lao động với nước ngoài,VnStock
ILB.VN,Công ty Cổ phần ICD Tân Cảng - Long Bình,VnStock
ILA.VN,Công ty Cổ phần ILA,VnStock
IJC.VN,Công ty Cổ phần Phát triển Hạ tầng Kỹ thuật,VnStock
IHK.VN,Công ty Cổ phần In Hàng Không,VnStock
IFS.VN,Công ty Cổ phần Thực phẩm Quốc tế,VnStock
IDV.VN,Công ty Cổ phần Phát triển Hạ tầng Vĩnh Phúc,VnStock
IDP.VN,Công ty Cổ phần Sữa Quốc tế LOF,VnStock
IDJ.VN,Công ty Cổ phần Đầu tư IDJ Việt Nam,VnStock
IDI.VN,Công ty Cổ phần Đầu tư và Phát triển Đa Quốc Gia I.D.I,VnStock
IDC.VN,Tổng Công ty IDICO - CTCP,VnStock
ICT.VN,Công ty Cổ phần Viễn thông - Tin học Bưu điện,VnStock
ICN.VN,Công ty Cổ phần Đầu tư Xây dựng Dầu khí IDICO,VnStock
ICI.VN,Công ty Cổ phần Đầu tư và Xây dựng Công nghiệp,VnStock
ICG.VN,Công ty Cổ phần Xây dựng Sông Hồng,VnStock
ICF.VN,Công ty Cổ phần Đầu tư - Thương mại - Thuỷ sản,VnStock
ICC.VN,Công ty Cổ phần Xây dựng Công nghiệp,VnStock
IBN.VN,Công ty Cổ phần In báo Nghệ An,VnStock
IBD.VN,Công ty Cổ phần In Tổng hợp Bình Dương,VnStock
IBC.VN,Công ty Cổ phần Đầu tư APAX Holdings,VnStock
HWS.VN,Công ty Cổ phần Cấp nước Huế,VnStock
HVX.VN,Công ty Cổ phần Xi măng Vicem Hải Vân,VnStock
HVT.VN,Công ty Cổ phần Hóa chất Việt Trì,VnStock
HVN.VN,Tổng Công ty Hàng không Việt Nam - CTCP,VnStock
HVH.VN,Công ty Cổ phần Đầu tư và Công nghệ HVC,VnStock
HVG.VN,Công ty Cổ phần Hùng Vương,VnStock
HVA.VN,Công ty Cổ phần Đầu tư HVA,VnStock
HUX.VN,,VnStock
HUT.VN,Công ty Cổ phần Tasco,VnStock
HUG.VN,Tổng công ty May Hưng Yên - Công ty Cổ phần,VnStock
HUB.VN,Công ty Cổ phần Xây lắp Thừa Thiên Huế,VnStock
HU6.VN,Công ty Cổ phần Đầu tư Phát triển Nhà và Đô thị HUD6,VnStock
HU4.VN,Công ty Cổ phần Đầu tư và Xây dựng HUD4,VnStock
HU3.VN,Công ty Cổ phần Đầu tư và Xây dựng HUD3,VnStock
HU1.VN,Công ty Cổ phần Đầu tư và Xây dựng HUD1,VnStock
HTW.VN,Công ty Cổ phần Cấp nước Hà Tĩnh,VnStock
HTV.VN,Công ty Cổ phần Logistics Vicem,VnStock
HTT.VN,Công ty Cổ phần Thương mại Hà Tây,VnStock
HTR.VN,Công ty Cổ phần Đường sắt Hà Thái,VnStock
HTP.VN,Công ty Cổ phần In Sách Giáo Khoa Hòa Phát,VnStock
HTN.VN,Công ty Cổ phần Hưng Thịnh Incons,VnStock
HTM.VN,Tổng Công ty Thương mại Hà Nội – Công ty cổ phần,VnStock
HTL.VN,Công ty Cổ phần Kỹ thuật và Ô tô Trường Long,VnStock
HTK.VN,,VnStock
HTI.VN,Công ty Cổ phần Đầu tư Phát triển Hạ tầng IDICO,VnStock
HTH.VN,Công ty Cổ phần Hoa tiêu Hàng hải - TKV,VnStock
HTG.VN,Tổng Công ty Cổ phần Dệt may Hòa Thọ,VnStock
HTE.VN,Công ty Cổ phần Đầu tư Kinh doanh Điện lực Thành phố Hồ Chí Minh,VnStock
HTC.VN,Công ty Cổ phần Thương mại Hóc Môn,VnStock
HT1.VN,Công ty Cổ phần Xi măng VICEM Hà Tiên,VnStock
HSV.VN,Công ty Cổ phần Tập đoàn HSV Việt Nam,VnStock
HSP.VN,Công ty Cổ phần Sơn Tổng hợp Hà Nội,VnStock
HSM.VN,Tổng Công ty Cổ phần Dệt May Hà Nội,VnStock
HSL.VN,Công ty Cổ phần Đầu tư Phát triển Thực phẩm Hồng Hà,VnStock
HSI.VN,Công ty Cổ phần Vật tư Tổng hợp và Phân bón Hóa sinh,VnStock
HSG.VN,Công ty Cổ phần Tập đoàn Hoa Sen,VnStock
HSA.VN,Công ty Cổ phần HESTIA,VnStock
HRT.VN,Công ty Cổ phần Vận tải đường sắt Hà Nội,VnStock
HRC.VN,Công ty Cổ phần Cao su Hòa Bình,VnStock
HRB.VN,Công ty Cổ phần Harec Đầu tư và Thương Mại,VnStock
HQC.VN,Công ty Cổ phần Tư vấn - Thương mại - Dịch vụ Địa ốc Hoàng Quân,VnStock
HPX.VN,Công ty Cổ phần Đầu tư Hải Phát,VnStock
HPW.VN,Công ty Cổ phần Cấp nước Hải Phòng,VnStock
HPT.VN,Công ty Cổ phần Dịch vụ Công nghệ Tin học HPT,VnStock
HPP.VN,Công ty Cổ phần Sơn Hải Phòng,VnStock
HPO.VN,Công ty Cổ phần Công nghiệp Hapulico,VnStock
HPM.VN,Công ty Cổ phần Xây dựng Thương mại và Khoáng sản Hoàng Phúc,VnStock
HPI.VN,Công ty Cổ phần Khu công nghiệp Hiệp Phước,VnStock
HPH.VN,Công ty Cổ phần Hóa Chất Hưng Phát Hà Bắc,VnStock
HPG.VN,Công ty Cổ phần Tập đoàn Hòa Phát,VnStock
HPD.VN,Công ty Cổ phần Thủy điện Đăk Đoa,VnStock
HPB.VN,Công ty Cổ phần Bao bì PP,VnStock
HOT.VN,Công ty Cổ phần Du lịch - Dịch vụ Hội An,VnStock
HOM.VN,Công ty Cổ phần Xi măng VICEM Hoàng Mai,VnStock
HNT.VN,Công ty Cổ phần Xe điện Hà Nội,VnStock
HNR.VN,Công ty Cổ phần Rượu và Nước Giải Khát Hà Nội,VnStock
HNP.VN,Công ty Cổ phần Hanel Xốp Nhựa,VnStock
HNM.VN,Công ty Cổ phần Sữa Hà Nội,VnStock
HNI.VN,Công ty Cổ phần May Hữu Nghị,VnStock
HNG.VN,Công ty Cổ phần Nông nghiệp Quốc tế Hoàng Anh Gia Lai,VnStock
HNF.VN,Công ty Cổ phần Thực phẩm Hữu Nghị,VnStock
HNE.VN,,VnStock
HND.VN,Công ty Cổ phần Nhiệt điện Hải Phòng,VnStock
HNB.VN,Công ty Cổ phần Bến xe Hà Nội,VnStock
HNA.VN,Công ty Cổ phần Thủy điện Hủa Na,VnStock
HMS.VN,Công ty Cổ phần Xây dựng Bảo tàng Hồ Chí Minh,VnStock
HMR.VN,Công ty Cổ phần Đá Hoàng Mai,VnStock
HMH.VN,Công ty Cổ phần Hải Minh,VnStock
HMG.VN,Công ty Cổ phần Kim Khí Hà Nội - VNSTEEL,VnStock
HMD.VN,Công ty Cổ phần Hóa chất Minh Đức,VnStock
HMC.VN,Công ty Cổ phần Kim khí Thành phố Hồ Chí Minh - VNSTEEL,VnStock
HLY.VN,Công ty Cổ phần Gốm xây dựng Yên Hưng,VnStock
HLT.VN,Công ty Cổ phần Dệt may Hoàng Thị Loan,VnStock
HLS.VN,Công ty Cổ phần Sứ kỹ thuật Hoàng Liên Sơn,VnStock
HLR.VN,Công ty Cổ phần Đường sắt Hà Lạng,VnStock
HLO.VN,Công Ty Cổ Phần Công Nghệ Ha Lô,VnStock
HLG.VN,Công ty Cổ phần Tập đoàn Hoàng Long,VnStock
HLE.VN,Công ty Cổ phần Điện chiếu sáng Hải Phòng,VnStock
HLD.VN,Công ty Cổ phần Đầu tư và Phát triển Bất động sản HUDLAND,VnStock
HLC.VN,Công ty Cổ phần Than Hà Lầm - Vinacomin,VnStock
HLB.VN,Công ty Cổ phần Bia và Nước giải khát Hạ Long,VnStock
HLA.VN,Công ty Cổ phần Hữu Liên Á Châu,VnStock
HKT.VN,Công ty Cổ phần Đầu tư QP Xanh,VnStock
HKP.VN,Công ty Cổ phần Bao bì Hà Tiên,VnStock
HKB.VN,Công ty Cổ phần Nông nghiệp và Thực phẩm Hà Nội - Kinh Bắc,VnStock
HJS.VN,Công ty Cổ phần Thủy điện Nậm Mu,VnStock
HJC.VN,Công ty Cổ phần Hoà Việt,VnStock
HIO.VN,Công ty Cổ Phần Helio Energy,VnStock
HII.VN,Công ty Cổ phần An Tiến Industries,VnStock
HIG.VN,Công ty Cổ phần Tập đoàn HIPT,VnStock
HID.VN,Công ty Cổ phần Halcom Vietnam,VnStock
HHV.VN,Công ty Cổ phần Đầu tư Hạ tầng Giao thông Đèo Cả,VnStock
HHS.VN,Công ty Cổ phần Đầu tư Dịch vụ Hoàng Huy,VnStock
HHR.VN,Công ty Cổ phần Đường sắt Hà Hải,VnStock
HHP.VN,Công ty Cổ phần HHP Global,VnStock
HHN.VN,Công ty Cổ phần Vận tải và Dịch vụ Hàng hóa Hà Nội,VnStock
HHG.VN,Công ty Cổ phần Hoàng Hà,VnStock
HHC.VN,Công ty Cổ phần Bánh kẹo Hải Hà,VnStock
HHB.VN,Công ty Cổ Phần Bia Hà Nội - Hồng Hà,VnStock
HGW.VN,Công ty Cổ phần Cấp thoát nước - Công trình Đô thị Hậu Giang,VnStock
HGT.VN,Công ty Cổ phần Du lịch Hương Giang,VnStock
HGR.VN,,VnStock
HGM.VN,Công ty Cổ phần Cơ khí và Khoáng sản Hà Giang,VnStock
HGC.VN,,VnStock
HGA.VN,,VnStock
HFX.VN,Công ty Cổ phần Sản xuất - Xuất nhập khẩu Thanh Hà,VnStock
HFC.VN,Công ty Cổ phần Xăng dầu HFC,VnStock
HFB.VN,Công ty Cổ phần Công trình Cầu phà Thành phố Hồ Chí Minh,VnStock
HEV.VN,Công ty Cổ phần Sách Đại học - Dạy nghề,VnStock
HES.VN,Công ty Cổ phần Dịch vụ Giải trí Hà Nội,VnStock
HEP.VN,Công ty Cổ phần Môi trường và Công trình đô thị Huế,VnStock
HEM.VN,Công ty Cổ phần Chế tạo Điện cơ Hà Nội,VnStock
HEJ.VN,Tổng Công ty Tư vấn Xây dựng Thủy Lợi Việt Nam - CTCP,VnStock
HEC.VN,Công ty Cổ phần Tư vấn xây dựng Thủy Lợi II,VnStock
HDW.VN,Công ty Cổ phần Kinh doanh Nước sạch Hải Dương,VnStock
HDS.VN,Công ty Cổ phần Giống cây trồng Hải Dương,VnStock
HDP.VN,Công ty Cổ phần Dược Hà Tĩnh,VnStock
HDO.VN,Công ty Cổ phần Hưng Đạo Container,VnStock
HDM.VN,Công ty Cổ phần Dệt May Huế,VnStock
HDG.VN,Công ty Cổ phần Tập đoàn Hà Đô,VnStock
HDC.VN,Công ty Cổ phần Phát triển Nhà Bà Rịa Vũng Tàu,VnStock
HDB.VN,Ngân hàng Thương mại Cổ phần Phát Triển Thành phố Hồ Chí Minh,VnStock
HDA.VN,Công ty Cổ phần Hãng sơn Đông Á,VnStock
HD8.VN,Công ty Cổ phần Đầu tư Phát triển Nhà và Đô thị HUD8,VnStock
HD6.VN,Công ty Cổ phần Đầu tư và Phát triển nhà số 6 Hà Nội,VnStock
HD2.VN,Công ty Cổ phần Đầu tư phát triển nhà HUD2,VnStock
HCT.VN,Công ty Cổ phần Thương mại - Dịch vụ - Vận tải Xi măng Hải Phòng,VnStock
HCM.VN,Công ty Cổ phần Chứng khoán Thành phố Hồ Chí Minh,VnStock
HCI.VN,Công ty Cổ phần Đầu tư - Xây dựng Hà Nội,VnStock
HCD.VN,Công ty Cổ phần Đầu tư Sản xuất và Thương mại HCD,VnStock
HCC.VN,Công ty Cổ phần Bê tông Hòa Cầm - Intimex,VnStock
HCB.VN,Công ty Cổ phần Dệt may 29/3,VnStock
HC3.VN,Công ty Cổ phần Xây dựng số 3 Hải Phòng,VnStock
HC1.VN,Công ty Cổ phần Xây dựng số 1 Hà Nội,VnStock
HBS.VN,Công ty Cổ phần Chứng khoán Hòa Bình,VnStock
HBH.VN,Công ty Cổ phần HABECO - Hải Phòng,VnStock
HBD.VN,Công ty Cổ phần Bao bì PP Bình Dương,VnStock
HBC.VN,Công ty Cổ phần Tập đoàn Xây dựng Hòa Bình,VnStock
HAX.VN,Công ty Cổ phần Dịch vụ Ô tô Hàng Xanh,VnStock
HAW.VN,,VnStock
HAV.VN,Công ty Cổ phần Rượu Hapro,VnStock
HAT.VN,Công ty Cổ phần Thương mại Bia Hà Nội,VnStock
HAS.VN,Công ty Cổ phần Hacisco,VnStock
HAR.VN,Công ty Cổ phần Đầu tư Thương mại Bất động sản An Dương Thảo Điền,VnStock
HAP.VN,Công ty Cổ phần Tập Đoàn Hapaco,VnStock
HAN.VN,Tổng Công ty Xây dựng Hà Nội - CTCP,VnStock
HAM.VN,Công ty Cổ phần Vật tư Hậu Giang,VnStock
HAI.VN,Công ty Cổ phần Nông dược HAI,VnStock
HAH.VN,Công ty Cổ phần Vận tải và Xếp dỡ Hải An,VnStock
HAG.VN,Công ty Cổ phần Hoàng Anh Gia Lai,VnStock
HAF.VN,Công ty Cổ phần Thực phẩm Hà Nội,VnStock
HAD.VN,Công ty Cổ phần Bia Hà Nội - Hải Dương,VnStock
HAC.VN,Công ty Cổ phần Chứng khoán Hải Phòng,VnStock
HAB.VN,,VnStock
H11.VN,Công ty Cổ phần Xây dựng HUD101,VnStock
GVT.VN,Công ty Cổ phần Giấy Việt Trì,VnStock
GVR.VN,Tập đoàn Công nghiệp Cao su Việt Nam - Công ty Cổ phần,VnStock
GTT.VN,Công ty Cổ phần Thuận Thảo,VnStock
GTS.VN,Công ty Cổ phần Công trình Giao thông Sài Gòn,VnStock
GTK.VN,,VnStock
GTH.VN,Công ty Cổ phần Xây dựng Giao thông Thừa Thiên Huế,VnStock
GTD.VN,Công ty Cổ phần Giầy Thượng Đình,VnStock
GTA.VN,Công ty Cổ phần Chế biến Gỗ Thuận An,VnStock
GSP.VN,Công ty Cổ phần Vận tải Sản phẩm Khí Quốc tế,VnStock
GSM.VN,Công ty Cổ phần Thủy điện Hương Sơn,VnStock
GQN.VN,,VnStock
GPC.VN,Công ty Cổ phần Tập đoàn Green+,VnStock
GND.VN,Công ty Cổ phần Gạch ngói Đồng Nai,VnStock
GMX.VN,Công ty Cổ phần Gạch ngói Gốm xây dựng Mỹ Xuân,VnStock
GMH.VN,Công ty Cổ phần Minh Hưng Quảng Trị,VnStock
GMD.VN,Công ty Cổ phần Gemadept,VnStock
GMC.VN,Công ty Cổ phần Garmex Sài Gòn,VnStock
GMA.VN,Công ty Cổ phần G-Automobile,VnStock
GLW.VN,Công ty Cổ phần Cấp thoát nước Gia Lai,VnStock
GLT.VN,Công ty Cổ phần Kỹ thuật điện Toàn Cầu,VnStock
GLC.VN,Công ty Cổ phần Vàng Lào Cai,VnStock
GKM.VN,Công ty Cổ phần GKM Holdings,VnStock
GIL.VN,Công ty Cổ phần Sản xuất Kinh doanh Xuất nhập khẩu Bình Thạnh,VnStock
GIC.VN,Công ty Cổ phần VSC Green Logistics,VnStock
GHC.VN,Công ty Cổ phần Thủy điện Gia Lai,VnStock
GH3.VN,Công ty Cổ phần Công trình giao thông Hà Nội,VnStock
GGG.VN,Công ty Cổ phần Ô tô Giải Phóng,VnStock
GEX.VN,Công ty Cổ phần Tập đoàn Gelex,VnStock
GER.VN,Công ty Cổ phần Thể thao Ngôi sao Geru,VnStock
GEG.VN,Công ty Cổ phần Điện Gia Lai,VnStock
GEE.VN,Công ty Cổ phần Điện lực Gelex,VnStock
GE2.VN,Tổng Công ty Phát điện 2,VnStock
GDW.VN,Công ty Cổ phần Cấp nước Gia Định,VnStock
GDT.VN,Công ty Cổ phần Chế biến Gỗ Đức Thành,VnStock
GDA.VN,Công ty Cổ phần Tôn Đông Á,VnStock
GCF.VN,Công ty Cổ phần Thực phẩm G.C,VnStock
GCB.VN,Công ty Cổ phần PETEC Bình Định,VnStock
GAS.VN,Tổng Công ty Khí Việt Nam - Công ty Cổ phần,VnStock
GAB.VN,Công ty Cổ phần Đầu tư Khai khoáng & Quản lý Tài sản FLC,VnStock
G36.VN,Tổng Công ty 36 - Công ty Cổ phần,VnStock
G20.VN,Công ty Cổ phần Đầu tư Dệt may Vĩnh Phúc,VnStock
FTS.VN,Công ty Cổ phần Chứng khoán FPT,VnStock
FTM.VN,Công ty Cổ phần Đầu tư và Phát triển Đức Quân,VnStock
FTI.VN,Công ty Cổ phần Công nghiệp - Thương mại Hữu Nghị,VnStock
FT1.VN,Công ty Cổ phần Phụ tùng máy số 1,VnStock
FSO.VN,Công ty Cổ phần Cơ khí đóng tàu thủy sản Việt Nam,VnStock
FRT.VN,Công ty Cổ phần Bán lẻ Kỹ thuật số FPT,VnStock
FRM.VN,Công ty Cổ phần Lâm nghiệp Sài Gòn,VnStock
FRC.VN,Công ty Cổ phần Lâm đặc sản xuất khẩu Quảng Nam,VnStock
FPT.VN,Công ty Cổ phần FPT,VnStock
FOX.VN,Công ty Cổ phần Viễn thông FPT,VnStock
FOC.VN,Công ty Cổ phần Dịch vụ Trực tuyến FPT,VnStock
FMC.VN,Công ty Cổ phần Thực phẩm Sao Ta,VnStock
FLC.VN,Công ty Cổ phần Tập đoàn FLC,VnStock
FIT.VN,Công ty Cổ phần Tập đoàn F.I.T,VnStock
FIR.VN,Công ty Cổ phần Địa ốc First Real,VnStock
FID.VN,Công ty Cổ phần Đầu tư và Phát triển Doanh nghiệp Việt Nam,VnStock
FIC.VN,Tổng Công ty Vật liệu Xây dựng số 1 - Công ty Cổ phần,VnStock
FHS.VN,Công ty Cổ phần Phát hành sách Thành phố Hồ Chí Minh - FAHASA,VnStock
FHN.VN,Công ty Cổ phần Xuất nhập khẩu Lương thực - Thực phẩm Hà Nội,VnStock
FGL.VN,Công ty Cổ phần Cà phê Gia Lai,VnStock
FDG.VN,Công ty Cổ phần Docimexco,VnStock
FDC.VN,Công ty Cổ phần Ngoại thương và Phát triển Đầu tư Thành phố Hồ Chí Minh,VnStock
FCS.VN,Công ty Cổ phần Lương thực Thành phố Hồ Chí Minh,VnStock
FCN.VN,Công ty Cổ phần FECON,VnStock
FCM.VN,Công ty Cổ phần Bê tông Phan Vũ Hà Nam,VnStock
FCC.VN,Công ty Cổ phần Liên hợp Thực phẩm,VnStock
FBC.VN,Công ty Cổ phần Cơ khí Phổ Yên,VnStock
FBA.VN,Công ty Cổ phần Tập đoàn Quốc tế FBA,VnStock
F88.VN,Công ty Cổ phần Đầu tư F88,VnStock
EVS.VN,Công ty Cổ phần Chứng khoán EVS,VnStock
EVG.VN,Công ty Cổ phần Tập đoàn Everland,VnStock
EVF.VN,Công ty Tài chính Tổng hợp Cổ phần Điện Lực,VnStock
EVE.VN,Công ty Cổ phần Everpia,VnStock
EPH.VN,Công ty Cổ phần Dịch vụ Xuất bản Giáo dục Hà Nội,VnStock
EPC.VN,Công ty Cổ phần Cà Phê Ea Pốk,VnStock
EMS.VN,Tổng Công ty Chuyển phát nhanh Bưu điện - Công ty Cổ phần,VnStock
EMG.VN,Công ty Cổ phần Thiết bị Phụ tùng Cơ điện,VnStock
EME.VN,Công ty Cổ phần Điện Cơ,VnStock
EMC.VN,Công ty Cổ phần Cơ điện Thủ Đức,VnStock
ELC.VN,Công ty Cổ phần Công nghệ - Viễn thông ELCOM,VnStock
EIN.VN,Công ty Cổ phần Đầu tư - Thương Mại - Dịch vụ Điện lực,VnStock
EID.VN,Công ty Cổ phần Đầu tư và Phát triển Giáo dục Hà Nội,VnStock
EIC.VN,Công ty Cổ phần EVN Quốc Tế,VnStock
EIB.VN,Ngân hàng Thương mại Cổ phần Xuất nhập khẩu Việt Nam,VnStock
EGL.VN,Công ty Cổ phần Môi Trường Đô Thị Gia Lâm,VnStock
EFI.VN,Công ty Cổ phần Đầu tư Tài chính Giáo dục,VnStock
ECO.VN,Công ty Cổ Phần Nhựa Sinh Thái Việt Nam,VnStock
ECI.VN,Công ty Cổ phần Tập đoàn ECI,VnStock
EBS.VN,Công ty Cổ phần Sách Giáo dục tại Thành phố Hà Nội,VnStock
EAD.VN,Công ty Cổ phần Thủy điện Điện lực Đắk Lắk,VnStock
E29.VN,Công ty cổ phần Đầu tư Xây dựng và Kỹ thuật 29,VnStock
E12.VN,Công ty Cổ phần Xây Dựng Điện VNECO 12,VnStock
DZM.VN,Công ty Cổ phần Cơ điện Dzĩ An,VnStock
DXV.VN,Công ty Cổ phần VICEM Vật liệu Xây dựng Đà Nẵng,VnStock
DXS.VN,Công ty Cổ phần Dịch vụ Bất động sản Đất Xanh,VnStock
DXP.VN,Công ty Cổ phần Cảng Đoạn Xá,VnStock
DXL.VN,Công ty Cổ phần Du lịch và Xuất nhập khẩu Lạng Sơn,VnStock
DXG.VN,Công ty Cổ phần Tập đoàn Đất Xanh,VnStock
DX2.VN,,VnStock
DWS.VN,Công ty Cổ phần Cấp nước và Môi trường Đô thị Đồng Tháp,VnStock
DWC.VN,Công ty Cổ phần Cấp nước Đắk Lắk,VnStock
DVW.VN,Công ty Cổ phần Dịch vụ và Xây dựng cấp nước Đồng Nai,VnStock
DVT.VN,Trung tâm Đào tạo nghiệp vụ Giao thông vận tải Bình Định,VnStock
DVP.VN,Công ty Cổ phần Đầu tư và Phát triển Cảng Đình Vũ,VnStock
DVN.VN,Tổng Công ty Dược Việt Nam - CTCP,VnStock
DVM.VN,Công ty Cổ phần Dược liệu Việt Nam,VnStock
DVG.VN,Công ty Cổ phần Đại Việt Group DVG,VnStock
DVC.VN,Công ty Cổ phần Thương mại dịch vụ Tổng Hợp Cảng Hải Phòng,VnStock
DUS.VN,Công ty Cổ phần Dịch vụ Đô thị Đà Lạt,VnStock
DTV.VN,Công ty Cổ phần Phát triển điện Trà Vinh,VnStock
DTT.VN,Công ty Cổ phần Kỹ nghệ Đô Thành,VnStock
DTP.VN,Công ty Cổ phần Dược phẩm CPC1 Hà Nội,VnStock
DTL.VN,Công ty Cổ phần Đại Thiên Lộc,VnStock
DTK.VN,Tổng Công ty Điện lực TKV - Công ty Cổ phần,VnStock
DTI.VN,Công ty Cổ phần Đầu tư Đức Trung,VnStock
DTH.VN,Công ty Cổ phần Dược - Vật tư Y tế Thanh Hóa,VnStock
DTG.VN,Công ty Cổ phần Dược phẩm Tipharco,VnStock
DTE.VN,Công ty Cổ phần Đầu tư Năng lượng Đại Trường Thành Holdings,VnStock
DTD.VN,Công ty Cổ phần Đầu tư Phát triển Thành Đạt,VnStock
DTC.VN,Công ty Cổ phần Viglacera Đông Triều,VnStock
DTB.VN,Công ty Cổ phần Công trình Đô thị Bảo Lộc,VnStock
DTA.VN,Công ty Cổ phần Đệ Tam,VnStock
DT4.VN,Công ty Cổ phần Quản lý Đường sông số 4,VnStock
DSV.VN,Công ty Cổ phần Đường sắt Vĩnh Phú,VnStock
DST.VN,Công ty Cổ phần Đầu tư Sao Thăng Long,VnStock
DSP.VN,Công ty Cổ phần Dịch vụ Du lịch Phú Thọ,VnStock
DSN.VN,Công ty Cổ phần Công viên nước Đầm Sen,VnStock
DSH.VN,Công ty Cổ Phần Đầu tư Hạ tầng Đông Sơn,VnStock
DSG.VN,Công ty Cổ phần Kính Đáp Cầu,VnStock
DSE.VN,Công ty Cổ phần Chứng khoán DNSE,VnStock
DSD.VN,Công ty cổ phần DHC Suối Đôi,VnStock
DSC.VN,Công ty Cổ phần Chứng khoán DSC,VnStock
DS3.VN,Công ty Cổ phần DS3,VnStock
DRL.VN,Công ty Cổ phần Thủy điện - Điện lực 3,VnStock
DRI.VN,Công ty Cổ phần Đầu tư Cao su Đắk Lắk,VnStock
DRH.VN,Công ty Cổ phần DRH Holdings,VnStock
DRG.VN,Công ty Cổ phần Cao su Đắk Lắk,VnStock
DRC.VN,Công ty Cổ phần Cao su Đà Nẵng,VnStock
DQC.VN,Công ty Cổ phần Tập đoàn Điện Quang,VnStock
DPS.VN,Công ty Cổ phần Đầu tư Phát triển Sóc Sơn,VnStock
DPR.VN,Công ty Cổ phần Cao su Đồng Phú,VnStock
DPP.VN,Công ty Cổ phần Dược Đồng Nai,VnStock
DPM.VN,Tổng Công ty Phân bón và Hóa chất Dầu khí - Công ty Cổ phần,VnStock
DPH.VN,Công ty Cổ phần Dược phẩm Hải Phòng,VnStock
DPG.VN,Công ty Cổ phần Tập đoàn Đạt Phương,VnStock
DPD.VN,Công ty cổ phần Cao su Đồng Phú - Đắk Nông,VnStock
DPC.VN,Công ty Cổ phần Nhựa Đà Nẵng,VnStock
DP3.VN,Công ty Cổ Phần Dược Phẩm Trung Ương 3,VnStock
DP2.VN,Công ty Cổ phần Dược phẩm Trung ương 2,VnStock
DP1.VN,Công ty Cổ phần Dược phẩm Trung ương CPC1,VnStock
DOP.VN,Công ty Cổ phần Vận tải Xăng dầu Đồng Tháp,VnStock
DOC.VN,Công ty Cổ phần Vật tư nông nghiệp Đồng Nai,VnStock
DNW.VN,Công ty Cổ phần Cấp nước Đồng Nai,VnStock
DNT.VN,Công ty Cổ phần Du lịch Đồng Nai,VnStock
DNP.VN,Công ty Cổ phần DNP Holding,VnStock
DNN.VN,Công ty Cổ phần Cấp nước Đà Nẵng,VnStock
DNM.VN,Tổng Công ty Cổ phần Y tế Danameco,VnStock
DNL.VN,Công ty Cổ phần Logistics Cảng Đà Nẵng,VnStock
DNH.VN,Công ty Cổ phần Thủy điện Đa Nhim - Hàm Thuận - Đa Mi,VnStock
DNE.VN,Công ty Cổ phần Môi trường Đô thị Đà Nẵng,VnStock
DND.VN,Công ty Cổ phần Đầu tư Xây dựng và Vật liệu Đồng Nai,VnStock
DNC.VN,Công ty Cổ phần Điện nước Lắp máy Hải Phòng,VnStock
DNB.VN,,VnStock
DNA.VN,Công ty Cổ phần Điện nước An Giang,VnStock
DMS.VN,Công ty Cổ phần Hóa phẩm dầu khí DMC - Miền Nam,VnStock
DMN.VN,Công ty Cổ phần Domenal,VnStock
DMC.VN,Công ty Cổ phần Xuất nhập khẩu Y tế DOMESCO,VnStock
DM7.VN,Công ty Cổ phần Dệt may 7,VnStock
DLT.VN,Công ty Cổ phần Du lịch và Thương mại - Vinacomin,VnStock
DLR.VN,Công ty Cổ phần Địa ốc Đà Lạt,VnStock
DLM.VN,Công ty Cổ phần Chiếu sáng công cộng Đà Nẵng,VnStock
DLG.VN,Công ty Cổ phần Tập đoàn Đức Long Gia Lai,VnStock
DLD.VN,Công ty Cổ phần Du lịch Đắk Lắk,VnStock
DL1.VN,Công ty Cổ phần Tập đoàn Alpha Seven,VnStock
DKW.VN,Công ty Cổ phần Cấp nước sinh hoạt Châu Thành,VnStock
DKH.VN,,VnStock
DKG.VN,Công ty Cổ Phần Tập đoàn DamiK,VnStock
DKC.VN,Công ty Cổ phần Chợ Lạng Sơn,VnStock
DIH.VN,Công ty Cổ phần Đầu tư Phát triển Xây dựng - Hội An,VnStock
DIG.VN,Tổng Công ty Cổ phần Đầu tư Phát triển Xây dựng,VnStock
DID.VN,Công ty Cổ phần DIC - Đồng Tiến,VnStock
DIC.VN,Công ty Cổ phần Đầu tư và Thương mại DIC,VnStock
DHT.VN,Công ty Cổ phần Dược phẩm Hà Tây,VnStock
DHP.VN,Công ty Cổ phần Điện cơ Hải Phòng,VnStock
DHN.VN,Công ty Cổ phần Dược phẩm Hà Nội,VnStock
DHM.VN,Công ty Cổ phần Thương mại & Khai thác Khoáng sản Dương Hiếu,VnStock
DHG.VN,Công ty Cổ phần Dược Hậu Giang,VnStock
DHD.VN,Công ty Cổ phần Dược Vật Tư Y Tế Hải Dương,VnStock
DHC.VN,Công ty Cổ phần Đông Hải Bến Tre,VnStock
DHB.VN,Công ty Cổ phần Phân đạm và Hóa chất Hà Bắc,VnStock
DHA.VN,Công ty Cổ phần Hóa An,VnStock
DGW.VN,Công ty Cổ phần Thế Giới Số,VnStock
DGT.VN,Công ty Cổ phần Công trình Giao thông Đồng Nai,VnStock
DGC.VN,Công ty Cổ phần Tập đoàn Hóa chất Đức Giang,VnStock
DFF.VN,Công ty Cổ phần Tập đoàn Đua Fat,VnStock
DFC.VN,Công ty Cổ phần Xích líp Đông Anh,VnStock
DDV.VN,Công ty Cổ phần DAP - Vinachem,VnStock
DDN.VN,Công ty Cổ phần Dược - Thiết bị y tế Đà Nẵng,VnStock
DDM.VN,Công ty Cổ phần Hàng hải Đông Đô,VnStock
DDH.VN,Công ty Cổ phần Đảm bảo giao thông đường thủy Hải Phòng,VnStock
DDG.VN,Công ty Cổ phần Đầu tư Công nghiệp Xuất nhập khẩu Đông Dương,VnStock
DDB.VN,Công ty Cổ Phần Thương Mại Và Xây Dựng Đông Dương,VnStock
DCT.VN,Công ty Cổ phần Tấm lợp Vật liệu Xây dựng Đồng Nai,VnStock
DCS.VN,Công ty Cổ phần Tập đoàn EDX,VnStock
DCR.VN,Công ty Cổ phần Gạch men COSEVCO,VnStock
DCM.VN,Công ty Cổ phần - Tổng Công ty Phân bón Dầu Khí Cà Mau,VnStock
DCL.VN,Công ty Cổ phần Dược phẩm Cửu Long,VnStock
DCH.VN,Công ty Cổ phần Địa chính Hà Nội,VnStock
DCG.VN,Công ty Cổ phần Tổng Công ty May Đáp Cầu,VnStock
DCF.VN,Công ty Cổ phần Xây dựng và Thiết kế số 1,VnStock
DC4.VN,Công ty Cổ phần Dicera Holdings,VnStock
DC2.VN,Công ty Cổ phần Đầu tư Phát triển - Xây dựng (DIC) số 2,VnStock
DC1.VN,Công ty Cổ phần Đầu tư Phát triển Xây dựng số 1,VnStock
DBW.VN,Công ty Cổ phần Cấp nước Điện Biên,VnStock
DBT.VN,Công ty Cổ phần Dược phẩm Bến Tre,VnStock
DBM.VN,Công ty Cổ phần Dược - Vật tư Y tế Đắk Lắk,VnStock
DBH.VN,Công ty Cổ phần Đường bộ Hải Phòng,VnStock
DBD.VN,Công ty Cổ phần Dược - Trang thiết bị y tế Bình Định (BIDIPHAR),VnStock
DBC.VN,Công ty Cổ phần Tập đoàn Dabaco Việt Nam,VnStock
DAT.VN,Công ty Cổ phần Đầu tư Du lịch và Phát triển Thủy sản,VnStock
DAS.VN,Công ty Cổ phần Máy - Thiết bị Dầu khí Đà Nẵng,VnStock
DAR.VN,Công ty Cổ phần Xe lửa Dĩ An,VnStock
DAN.VN,Công ty Cổ phần Dược Danapha,VnStock
DAH.VN,Công ty Cổ phần Tập đoàn Khách sạn Đông Á,VnStock
DAG.VN,Công ty Cổ phần Tập đoàn Nhựa Đông Á,VnStock
DAE.VN,Công ty Cổ phần Sách Giáo dục tại Thành phố Đà Nẵng,VnStock
DAD.VN,Công ty Cổ phần Đầu tư và Phát triển Giáo dục Đà Nẵng,VnStock
DAC.VN,Công ty Cổ phần 382 Đông Anh,VnStock
D2D.VN,Công ty Cổ phần Phát triển Đô thị Công nghiệp số 2,VnStock
D17.VN,Công ty Cổ Phần Đồng Tân,VnStock
D11.VN,Công ty Cổ phần Địa ốc 11,VnStock
CYC.VN,Công ty Cổ phần Gạch men Chang Yih,VnStock
CX8.VN,Công ty Cổ phần Đầu tư và Xây lắp Constrexim số 8,VnStock
CVT.VN,Công ty Cổ phần CMC,VnStock
CVP.VN,Công ty cổ phần Cảng Cửa Việt,VnStock
CVN.VN,Công ty Cổ phần Vinam,VnStock
CTX.VN,Tổng Công ty Cổ phần Đầu tư Xây dựng và Thương mại Việt Nam,VnStock
CTW.VN,Công ty Cổ phần Cấp thoát nước Cần Thơ,VnStock
CTT.VN,Công ty Cổ phần Chế tạo máy - Vinacomin,VnStock
CTS.VN,Công ty Cổ phần Chứng khoán Ngân hàng Công thương Việt Nam,VnStock
CTR.VN,Tổng Công ty Cổ phần Công trình Viettel,VnStock
CTP.VN,Công ty Cổ phần Hoà Bình Takara,VnStock
CTN.VN,Công ty Cổ phần Xây dựng Công trình ngầm,VnStock
CTI.VN,Công ty Cổ phần Đầu tư Phát triển Cường Thuận IDICO,VnStock
CTG.VN,Ngân hàng Thương mại Cổ phần Công thương Việt Nam,VnStock
CTF.VN,Công ty Cổ phần City Auto,VnStock
CTD.VN,Công ty Cổ phần Xây dựng Coteccons,VnStock
CTC.VN,Công ty Cổ phần Tập đoàn Hoàng Kim Tây Nguyên,VnStock
CTB.VN,Công ty Cổ phần Chế tạo Bơm Hải Dương,VnStock
CTA.VN,Công ty Cổ phần Vinavico,VnStock
CT6.VN,Công ty Cổ phần Công trình 6,VnStock
CT5.VN,,VnStock
CT3.VN,Công ty Cổ phần Đầu tư và Xây dựng công trình 3,VnStock
CSV.VN,Công ty Cổ phần Hóa chất Cơ bản miền Nam,VnStock
CST.VN,Công ty Cổ phần Than Cao Sơn - TKV,VnStock
CSM.VN,Công ty Cổ phần Công nghiệp Cao su Miền Nam,VnStock
CSI.VN,Công ty Cổ phần Chứng khoán Kiến thiết Việt Nam,VnStock
CSC.VN,Công ty Cổ phần Tập đoàn COTANA,VnStock
CRV.VN,Công ty Cổ phần Tập đoàn Bất động sản CRV,VnStock
CRE.VN,Công ty Cổ phần Bất động sản Thế Kỷ,VnStock
CRC.VN,Công ty Cổ phần Create Capital Việt Nam,VnStock
CQT.VN,Công ty Cổ phần Xi măng Quán Triều VVMI,VnStock
CQN.VN,Công ty Cổ phần Cảng Quảng Ninh,VnStock
CPI.VN,Công ty Cổ phần Đầu tư Cảng Cái Lân,VnStock
CPH.VN,Công ty Cổ phần Phục vụ Mai táng Hải Phòng,VnStock
CPC.VN,Công ty Cổ phần Thuốc sát trùng Cần Thơ,VnStock
CPA.VN,Công ty Cổ phần Cà phê Phước An,VnStock
COM.VN,Công ty Cổ phần Vật tư Xăng dầu,VnStock
CNT.VN,Công ty Cổ phần Tập đoàn CNT,VnStock
CNN.VN,"Công ty Cổ phần Tư vấn Công nghệ, Thiết bị và Kiểm định Xây dựng - CONINCO",VnStock
CNG.VN,Công ty Cổ phần CNG Việt Nam,VnStock
CNC.VN,Công ty Cổ phần Công nghệ cao Traphaco,VnStock
CNA.VN,Công ty Cổ phần Tổng công ty Chè Nghệ An,VnStock
CMX.VN,Công ty Cổ phần CAMIMEX Group,VnStock
CMW.VN,Công ty Cổ phần Cấp nước Cà Mau,VnStock
CMV.VN,Công ty Cổ phần Thương nghiệp Cà Mau,VnStock
CMT.VN,Công ty Cổ phần Công nghệ mạng và Truyền thông,VnStock
CMS.VN,Công ty Cổ phần Tập đoàn CMH Việt Nam,VnStock
CMP.VN,Công ty Cổ phần Cảng Chân Mây,VnStock
CMN.VN,Công ty Cổ phần Lương thực Thực phẩm Colusa - Miliket,VnStock
CMM.VN,Công ty Cổ phần Camimex,VnStock
CMK.VN,Công ty Cổ phần Cơ khí Mạo Khê - Vinacomin,VnStock
CMI.VN,Công ty Cổ phần CMISTONE Việt Nam,VnStock
CMG.VN,Công ty Cổ phần Tập đoàn Công nghệ CMC,VnStock
CMF.VN,Công ty Cổ phần Thực phẩm Cholimex,VnStock
CMD.VN,Công ty Cổ phần Vật liệu xây dựng và Trang trí nội thất TP Hồ Chí Minh,VnStock
CMC.VN,Công ty Cổ phần Đầu tư CMC,VnStock
CLX.VN,Công ty Cổ phần Xuất nhập khẩu và Đầu tư Chợ Lớn (CHOLIMEX),VnStock
CLW.VN,Công ty Cổ phần Cấp nước Chợ Lớn,VnStock
CLM.VN,Công ty Cổ phần Xuất nhập khẩu Than - Vinacomin,VnStock
CLL.VN,Công ty Cổ phần Cảng Cát Lái,VnStock
CLH.VN,Công ty Cổ phần Xi măng La Hiên VVMI,VnStock
CLG.VN,Công ty Cổ phần Đầu tư và Phát triển Nhà đất Cotec,VnStock
CLC.VN,Công ty Cổ phần Cát Lợi,VnStock
CKV.VN,Công ty Cổ phần CokyVina,VnStock
CKG.VN,Công ty Cổ phần Tập đoàn CIC,VnStock
CKD.VN,Công ty Cổ phần Cơ khí Đông Anh Licogi,VnStock
CKA.VN,Công ty Cổ phần Cơ khí An Giang,VnStock
CK8.VN,Công ty Cổ phần Cơ khí 120,VnStock
CJC.VN,Công ty Cổ phần Cơ điện Miền Trung,VnStock
CIP.VN,Công ty Cổ phần Xây lắp và Sản xuất Công nghiệp,VnStock
CII.VN,Công ty Cổ phần Đầu tư Hạ tầng Kỹ thuật Thành phố Hồ Chí Minh,VnStock
CIG.VN,Công ty Cổ phần COMA 18,VnStock
CID.VN,Công ty Cổ phần Xây dựng và Phát triển Cơ sở Hạ tầng,VnStock
CIA.VN,Công ty Cổ Phần Dịch Vụ Sân Bay Quốc Tế Cam Ranh,VnStock
CI5.VN,Công ty Cổ phần Đầu tư Xây dựng số 5,VnStock
CHS.VN,Công ty Cổ phần Chiếu sáng Công cộng Thành phố Hồ Chí Minh,VnStock
CHP.VN,Công ty Cổ phần Thủy điện Miền Trung,VnStock
CHC.VN,Công ty Cổ phần Cẩm Hà,VnStock
CH5.VN,Công ty Cổ phần Xây dựng số 5 Hà Nội,VnStock
CGV.VN,Công ty Cổ phần Vinaceglass,VnStock
CGL.VN,Công ty Cổ phần Thương mại Gia Lai,VnStock
CFV.VN,Công ty Cổ phần Cà phê Thắng Lợi,VnStock
CFM.VN,Công ty Cổ phần Đầu tư CFM,VnStock
CET.VN,Công ty Cổ phần HTC Holding,VnStock
CEO.VN,Công ty Cổ phần Tập đoàn C.E.O,VnStock
CEN.VN,Công ty Cổ phần CENCON Việt Nam,VnStock
CEG.VN,Công ty Cổ phần Tập đoàn Xây dựng và Thiết bị Công nghiệp,VnStock
CEE.VN,Công ty Cổ phần Xây dựng Hạ tầng CII,VnStock
CE1.VN,Công ty Cổ phần Xây dựng và Thiết bị Công nghiệp CIE1,VnStock
CDR.VN,Công ty Cổ phần Xây dựng Cao su Đồng Nai,VnStock
CDP.VN,Công ty Cổ phần Dược phẩm Trung ương Codupha,VnStock
CDO.VN,Công ty Cổ phần Tư vấn Thiết kế và Phát triển Đô thị,VnStock
CDN.VN,Công ty Cổ phần Cảng Đà Nẵng,VnStock
CDH.VN,Công ty Cổ phần Công trình Công cộng và Dịch vụ Du lịch Hải Phòng,VnStock
CDG.VN,Công ty Cổ phần Cầu Đuống,VnStock
CDC.VN,Công ty Cổ phần Chương Dương,VnStock
CCV.VN,Công ty Cổ phần Tư vấn Xây dựng Công nghiệp và Đô thị Việt Nam,VnStock
CCT.VN,Công ty Cổ phần Cảng Cần Thơ,VnStock
CCR.VN,Công ty Cổ phần Cảng Cam Ranh,VnStock
CCP.VN,Công ty Cổ phần Cảng Cửa Cấm Hải Phòng,VnStock
CCM.VN,Công ty Cổ phần Khoáng sản và Xi măng Cần Thơ,VnStock
CCL.VN,Công ty Cổ phần Đầu tư và Phát triển Đô thị Dầu khí Cửu Long,VnStock
CCI.VN,Công ty Cổ phần Đầu tư Phát triển Công nghiệp Thương mại Củ Chi,VnStock
CCC.VN,Công ty Cổ Phần Xây Dựng CDC,VnStock
CCA.VN,Công ty Cổ phần Xuất nhập khẩu Thủy sản Cần Thơ,VnStock
CC4.VN,Công ty Cổ phần Đầu tư và Xây dựng số 4,VnStock
CC1.VN,Tổng Công ty Xây dựng số 1 - CTCP,VnStock
CBS.VN,Công ty Cổ phần Mía đường Cao Bằng,VnStock
CBI.VN,Công ty Cổ phần Gang thép Cao Bằng,VnStock
CAV.VN,Công ty Cổ Phần Dây cáp điện Việt Nam,VnStock
CAT.VN,Công ty Cổ phần Thủy sản Cà Mau,VnStock
CAR.VN,Công ty cổ phần Tập đoàn Giáo dục Trí Việt,VnStock
CAP.VN,Công ty Cổ phần Lâm Nông sản Thực phẩm Yên Bái,VnStock
CAN.VN,Công ty Cổ phần Đồ hộp Hạ Long,VnStock
CAG.VN,Công ty Cổ phần Cảng An Giang,VnStock
CAD.VN,Công ty Cổ phần Chế biến và Xuất khẩu Thủy sản Cadovimex,VnStock
CAB.VN,Công ty Cổ phần Tổng Công ty Truyền hình Cáp Việt Nam,VnStock
C92.VN,Công ty Cổ phần Xây dựng và Đầu tư 492,VnStock
C69.VN,Công ty Cổ phần Xây dựng 1369,VnStock
C4G.VN,Công ty Cổ phần Tập Đoàn Cienco4,VnStock
C47.VN,Công ty Cổ phần Xây dựng 47,VnStock
C32.VN,Công ty Cổ phần Đầu tư và Xây dựng 3-2,VnStock
C22.VN,Công ty Cổ phần 22,VnStock
C21.VN,Công ty Cổ phần Thế kỷ 21,VnStock
C12.VN,Công ty Cổ phần Cầu 12,VnStock
BXT.VN,,VnStock
BXH.VN,Công ty Cổ phần VICEM Bao bì Hải Phòng,VnStock
BWS.VN,Công ty Cổ phần Cấp Nước Bà Rịa - Vũng Tàu,VnStock
BWE.VN,Công ty Cổ phần - Tổng công ty Nước - Môi trường Bình Dương,VnStock
BWA.VN,Công ty Cổ phần Cấp thoát nước và Xây dựng Bảo Lộc,VnStock
BVS.VN,Công ty Cổ phần Chứng khoán Bảo Việt,VnStock
BVN.VN,Công ty Cổ phần Bông Việt Nam,VnStock
BVL.VN,Công ty Cổ phần BV Land,VnStock
BVH.VN,Tập đoàn Bảo Việt,VnStock
BVG.VN,Công ty Cổ phần Group Bắc Việt,VnStock
BVB.VN,Ngân hàng Thương mại Cổ phần Bản Việt,VnStock
BUD.VN,,VnStock
BTW.VN,Công ty Cổ phần Cấp nước Bến Thành,VnStock
BTV.VN,Công ty Cổ phần Dịch vụ Du lịch Bến Thành,VnStock
BTU.VN,Công ty Cổ phần Công trình Đô thị Bến Tre,VnStock
BTT.VN,Công ty Cổ phần Thương mại - Dịch vụ Bến Thành,VnStock
BTS.VN,Công ty Cổ phần Xi măng VICEM Bút Sơn,VnStock
BTP.VN,Công ty Cổ phần Nhiệt điện Bà Rịa,VnStock
BTN.VN,Công ty Cổ phần Đầu tư Bitco Bình Định,VnStock
BTH.VN,Công ty Cổ phần Chế tạo Biến thế và Vật liệu Điện Hà Nội,VnStock
BTG.VN,Công ty Cổ phần Bao bì Tiền Giang,VnStock
BTD.VN,Công ty Cổ phần Bê tông ly tâm Thủ Đức,VnStock
BTB.VN,Công ty Cổ phần Bia Hà Nội - Thái Bình,VnStock
BT6.VN,Công ty Cổ phần BETON 6,VnStock
BT1.VN,Công ty Cổ phần Bảo vệ thực vật 1 Trung ương,VnStock
BST.VN,Công ty Cổ phần Sách và Thiết bị Bình Thuận,VnStock
BSR.VN,Công ty Cổ phần Lọc Hóa dầu Bình Sơn,VnStock
BSQ.VN,Công ty Cổ phần Bia Sài Gòn - Quảng Ngãi,VnStock
BSP.VN,Công ty Cổ phần Bia Sài Gòn - Phú Thọ,VnStock
BSL.VN,Công ty Cổ phần Bia Sài Gòn - Sông Lam,VnStock
BSI.VN,Công ty Cổ phần Chứng khoán BIDV,VnStock
BSH.VN,Công ty Cổ phần Bia Sài Gòn - Hà Nội,VnStock
BSG.VN,Công ty Cổ phần Xe khách Sài Gòn,VnStock
BSD.VN,"Công ty Cổ phần Bia, Rượu Sài Gòn - Đồng Xuân",VnStock
BSC.VN,Công ty Cổ phần Dịch vụ Bến Thành,VnStock
BSA.VN,Công ty Cổ phần Thủy điện Buôn Đôn,VnStock
BRS.VN,Công ty Cổ phần Dịch vụ Đô thị Bà Rịa,VnStock
BRR.VN,Công ty Cổ phần Cao su Bà Rịa,VnStock
BRC.VN,Công ty Cổ phần Cao su Bến Thành,VnStock
BQP.VN,Công ty Cổ phần Nhựa chất lượng cao Bình Thuận,VnStock
BQB.VN,Công ty Cổ phần Bia Hà Nội - Quảng Bình,VnStock
BPW.VN,,VnStock
BPC.VN,Công ty Cổ phần Vicem Bao bì Bỉm Sơn,VnStock
BOT.VN,Công ty Cổ phần BOT Cầu Thái Hà,VnStock
BNW.VN,Công ty Cổ phần Nước sạch Bắc Ninh,VnStock
BNA.VN,Công ty Cổ phần Tập đoàn Đầu tư Bảo Ngọc,VnStock
BMV.VN,Công ty Cổ phần Bột mỳ Vinafood 1,VnStock
BMS.VN,Công ty Cổ phần Chứng khoán Bảo Minh,VnStock
BMP.VN,Công ty Cổ phần Nhựa Bình Minh,VnStock
BMN.VN,Công ty Cổ phần 715,VnStock
BMK.VN,Công ty Cổ Phần Kỹ thuật Nhiệt Mèo Đen,VnStock
BMJ.VN,Công ty Cổ phần Khoáng sản Miền Đông AHP,VnStock
BMI.VN,Tổng Công ty Cổ phần Bảo Minh,VnStock
BMG.VN,Công ty Cổ phần May Bình Minh,VnStock
BMF.VN,Công ty Cổ phần Vật liệu Xây dựng và Chất đốt Đồng Nai,VnStock
BMD.VN,Công ty Cổ phần Môi trường và Dịch vụ Đô thị Bình Thuận,VnStock
BMC.VN,Công ty Cổ phần Khoáng sản Bình Định,VnStock
BLW.VN,Công ty Cổ phần Cấp nước Bạc Liêu,VnStock
BLU.VN,,VnStock
BLT.VN,Công ty Cổ phần Lương thực Bình Định,VnStock
BLN.VN,Công ty Cổ phần Vận tải và Dịch vụ Liên Ninh,VnStock
BLI.VN,Tổng Công ty Cổ phần Bảo hiểm Bảo Long,VnStock
BLF.VN,Công ty Cổ phần Thủy sản Bạc Liêu,VnStock
BKH.VN,Công ty Cổ phần Bánh mứt kẹo Hà Nội,VnStock
BKG.VN,Công ty Cổ phần Đầu tư BKG Việt Nam,VnStock
BKC.VN,Công ty Cổ phần Khoáng sản Bắc Kạn,VnStock
BIO.VN,Công ty Cổ phần Vắc xin và Sinh phẩm Nha Trang,VnStock
BII.VN,Công ty Cổ phần Đầu tư và Phát triển Công nghiệp Bảo Thư,VnStock
BIG.VN,Công ty Cổ phần Đầu tư BIG Group Holdings,VnStock
BID.VN,Ngân hàng Thương mại Cổ phần Đầu tư và Phát triển Việt Nam,VnStock
BIC.VN,Tổng Công ty Cổ phần Bảo hiểm Ngân hàng Đầu tư và Phát triển Việt Nam,VnStock
BHT.VN,Công ty Cổ phần Đầu tư Xây dựng Bạch Đằng TMC,VnStock
BHP.VN,Công ty Cổ phần Bia Hà Nội - Hải Phòng,VnStock
BHN.VN,Tổng Công ty Cổ phần Bia - Rượu - Nước giải khát Hà Nội,VnStock
BHK.VN,Công ty Cổ phần Bia Hà Nội - Kim Bài,VnStock
BHI.VN,Tổng Công ty Cổ phần Bảo hiểm Sài Gòn - Hà Nội,VnStock
BHH.VN,Công ty Cổ Phần Thương Mại Bia Hà Nội - Hưng Yên 89,VnStock
BHG.VN,Công ty Cổ phần Chè Biển Hồ,VnStock
BHC.VN,Công ty Cổ phần Bê tông Biên Hòa,VnStock
BHA.VN,Công ty Cổ phần Thủy điện Bắc Hà,VnStock
BGW.VN,Công ty Cổ phần Nước sạch Bắc Giang,VnStock
BGE.VN,Công ty Cổ phần BCG Energy,VnStock
BFC.VN,Công ty Cổ phần Phân bón Bình Điền,VnStock
BEL.VN,Công ty Cổ phần Điện tử Biên Hòa,VnStock
BED.VN,Công ty Cổ phần Sách và Thiết bị trường học Đà Nẵng,VnStock
BDW.VN,Công ty Cổ phần Cấp thoát nước Bình Định,VnStock
BDT.VN,Công ty Cổ phần Xây lắp và Vật liệu xây dựng Đồng Tháp,VnStock
BDG.VN,Công ty Cổ phần May mặc Bình Dương,VnStock
BDB.VN,Công ty Cổ phần Sách và Thiết bị Bình Định,VnStock
BCV.VN,Công ty Cổ phần Du lịch và Thương mại Bằng Giang Cao Bằng - Vimico,VnStock
BCR.VN,Công ty Cổ phần BCG Land,VnStock
BCP.VN,Công ty Cổ phần Dược Enlie,VnStock
BCO.VN,Công ty Cổ phần Xây dựng Bình Phước,VnStock
BCM.VN,Tập đoàn Đầu tư và Phát triển Công nghiệp Becamex - CTCP,VnStock
BCG.VN,Công ty Cổ phần Tập đoàn Bamboo Capital,VnStock
BCF.VN,Công ty Cổ phần Thực phẩm Bích Chi,VnStock
BCE.VN,Công ty Cổ phần Xây dựng và Giao thông Bình Dương,VnStock
BCC.VN,Công ty Cổ phần Xi măng Bỉm Sơn,VnStock
BCB.VN,Công ty Cổ phần 397,VnStock
BCA.VN,Công ty cổ phần B.C.H,VnStock
BBT.VN,Công ty Cổ phần Bông Bạch Tuyết,VnStock
BBS.VN,Công ty Cổ phần VICEM Bao bì Bút Sơn,VnStock
BBM.VN,Công ty Cổ phần Bia Hà Nội - Nam Định,VnStock
BBH.VN,Công ty Cổ phần Bao bì Hoàng Thạch,VnStock
BBC.VN,Công ty Cổ phần Bibica,VnStock
BAX.VN,Công ty Cổ phần Thống Nhất,VnStock
BAL.VN,Công ty Cổ phần Bao bì Bia - Rượu - Nước giải khát,VnStock
BAF.VN,Công ty Cổ phần Nông nghiệp BAF Việt Nam,VnStock
BAB.VN,Ngân hàng Thương mại Cổ phần Bắc Á,VnStock
B82.VN,Công ty Cổ phần 482,VnStock
AVG.VN,Công ty Cổ phần Phân Bón Quốc Tế Âu Việt,VnStock
AVF.VN,Công ty Cổ phần Việt An,VnStock
AVC.VN,Công ty Cổ phần Thủy điện A Vương,VnStock
AUM.VN,Công ty Cổ phần Vinacafe Sơn Thành,VnStock
ATS.VN,Công ty Cổ phần Tập đoàn Đầu tư ATS,VnStock
ATG.VN,Công ty Cổ phần An Trường An,VnStock
ATB.VN,Công ty Cổ phần An Thịnh,VnStock
ATA.VN,Công ty Cổ phần NTACO,VnStock
AST.VN,Công ty Cổ phần Dịch vụ Hàng không Taseco,VnStock
ASP.VN,Công ty Cổ phần Tập đoàn Dầu khí An Pha,VnStock
ASM.VN,Công ty Cổ phần Tập đoàn Sao Mai,VnStock
ASG.VN,Công ty Cổ phần Tập đoàn ASG,VnStock
ASA.VN,Công ty Cổ phần ASA,VnStock
ART.VN,Công ty Cổ phần Chứng khoán ARTEX,VnStock
ARM.VN,Công ty Cổ phần Xuất nhập khẩu Hàng không,VnStock
APT.VN,Công ty Cổ phần Kinh doanh thủy hải sản Sài Gòn,VnStock
APS.VN,Công ty Cổ phần Chứng khoán Châu Á - Thái Bình Dương,VnStock
APP.VN,Công ty Cổ phần Phát triển Phụ gia và Sản phẩm dầu mỏ,VnStock
APL.VN,Công ty Cổ phần Cơ khí và Thiết bị áp lực - VVMI,VnStock
API.VN,Công ty Cổ phần Đầu tư Châu Á - Thái Bình Dương,VnStock
APH.VN,Công ty Cổ phần Tập đoàn An Phát Holdings,VnStock
APG.VN,Công ty Cổ phần Chứng khoán APG,VnStock
APF.VN,Công ty Cổ phần Nông sản Thực phẩm Quảng Ngãi,VnStock
APC.VN,Công ty Cổ phần Chiếu xạ An Phú,VnStock
ANV.VN,Công ty Cổ phần Nam Việt,VnStock
ANT.VN,Công ty Cổ phần Rau quả Thực phẩm An Giang,VnStock
AMV.VN,Công ty Cổ phần Sản xuất Kinh doanh Dược và Trang thiết bị Y tế Việt Mỹ,VnStock
AMS.VN,Công ty Cổ phần Cơ khí Xây dựng AMECC,VnStock
AMP.VN,Công ty Cổ phần Armephaco,VnStock
AME.VN,Công ty cổ phần Alphanam E&C,VnStock
AMD.VN,Công ty Cổ phần Đầu tư và Khoáng sản FLC Stone,VnStock
AMC.VN,Công ty Cổ phần Khoáng sản Á Châu,VnStock
ALV.VN,Công ty Cổ phần Tập đoàn MCST,VnStock
ALT.VN,Công ty Cổ phần Văn hóa Tân Bình,VnStock
AIG.VN,Công ty Cổ phần Nguyên liệu Á Châu AIG,VnStock
AIC.VN,Công ty Cổ phần Tập đoàn Bảo hiểm DBV,VnStock
AGX.VN,Công ty Cổ phần Thực phẩm Nông sản Xuất khẩu Sài Gòn,VnStock
AGR.VN,Công ty Cổ phần Chứng khoán AGRIBANK,VnStock
AGP.VN,Công ty Cổ phần Dược phẩm AGIMEXPHARM,VnStock
AGM.VN,Công ty Cổ phần Xuất nhập khẩu An Giang,VnStock
AGG.VN,Công ty Cổ phần Đầu tư và Phát triển Bất động sản An Gia,VnStock
AGF.VN,Công ty Cổ phần Xuất nhập khẩu Thủy sản An Giang,VnStock
AGE.VN,Công ty Cổ phần Môi trường Đô thị An Giang,VnStock
AG1.VN,Công ty Cổ phần 28.1,VnStock
AFX.VN,Công ty Cổ phần Xuất Nhập khẩu Nông sản Thực phẩm An Giang,VnStock
ADS.VN,Công ty Cổ phần DAMSAN,VnStock
ADP.VN,Công ty Cổ phần Sơn Á Đông,VnStock
ADG.VN,Công ty Cổ phần Clever Group,VnStock
ADC.VN,Công ty Cổ phần Mĩ thuật và Truyền thông,VnStock
ACV.VN,Tổng Công ty Cảng Hàng không Việt Nam - CTCP,VnStock
ACS.VN,Công ty Cổ phần Xây lắp Thương mại 2,VnStock
ACM.VN,Công ty Cổ phần Tập đoàn Khoáng sản Á Cường,VnStock
ACL.VN,Công ty Cổ phần Xuất nhập khẩu Thủy sản Cửu Long An Giang,VnStock
ACG.VN,Công ty Cổ phần Gỗ An Cường,VnStock
ACE.VN,Công ty Cổ phần Bê tông ly tâm An Giang,VnStock
ACC.VN,Công ty Cổ phần Đầu tư và Xây dựng Bình Dương ACC,VnStock
ACB.VN,Ngân hàng Thương mại Cổ phần Á Châu,VnStock
ABW.VN,Công ty Cổ phần Chứng khoán An Bình,VnStock
ABT.VN,Công ty Cổ phần Xuất nhập khẩu Thủy sản Bến Tre,VnStock
ABS.VN,Công ty Cổ phần Dịch vụ Nông nghiệp Bình Thuận,VnStock
ABR.VN,Công ty Cổ phần Đầu tư Nhãn Hiệu Việt,VnStock
ABI.VN,Công ty Cổ phần Bảo hiểm Ngân hàng Nông Nghiệp,VnStock
ABC.VN,Công ty Cổ phần Truyền thông VMG,VnStock
ABB.VN,Ngân hàng Thương mại Cổ phần An Bình,VnStock
AAV.VN,Công ty Cổ phần AAV Group,VnStock
AAT.VN,Công ty Cổ phần Tập đoàn Tiên Sơn Thanh Hóa,VnStock
AAS.VN,Công ty Cổ phần Chứng khoán SmartInvest,VnStock
AAM.VN,Công ty Cổ Phần Thủy Sản MeKong,VnStock
AAH.VN,Công ty Cổ phần Hợp Nhất,VnStock
AAA.VN,Công ty Cổ phần Nhựa An Phát Xanh,VnStock
A32.VN,Công ty Cổ phần 32,VnStock
